algorithm,problem,n_run,n_gen,timedelta
nsga2_p10,crs_8_k10,1,81,0 days 00:00:06.268165
nsga2_p10,crs_8_k10,2,77,0 days 00:00:05.733366
nsga2_p10,crs_8_k10,3,81,0 days 00:00:06.370655
nsga2_p10,crs_8_k10,4,81,0 days 00:00:06.019606
nsga2_p10,crs_8_k10,5,81,0 days 00:00:06.057130
nsga2_p10,crs_8_k10,6,81,0 days 00:00:06.311918
nsga2_p10,crs_8_k10,7,81,0 days 00:00:06.049214
nsga2_p10,crs_8_k10,8,81,0 days 00:00:05.954022
nsga2_p10,crs_8_k10,9,81,0 days 00:00:05.882125
nsga2_p10,crs_8_k10,10,81,0 days 00:00:05.945657
nsga2_p10,crs_8_k10,11,81,0 days 00:00:05.991945
nsga2_p10,crs_8_k10,12,81,0 days 00:00:06.278143
nsga2_p10,crs_8_k10,13,77,0 days 00:00:05.695901
nsga2_p10,crs_8_k10,14,81,0 days 00:00:05.884404
nsga2_p10,crs_8_k10,15,81,0 days 00:00:05.809724
nsga2_p10,crs_8_k10,16,81,0 days 00:00:06.156449
nsga2_p10,crs_8_k10,17,81,0 days 00:00:05.959712
nsga2_p10,crs_8_k10,18,58,0 days 00:00:04.241864
nsga2_p10,crs_8_k10,19,77,0 days 00:00:05.808139
nsga2_p10,crs_8_k10,20,81,0 days 00:00:06.202399
nsga2_p10,crs_8_k10,21,81,0 days 00:00:06.376909
nsga2_p10,crs_8_k10,22,81,0 days 00:00:05.658664
nsga2_p10,crs_8_k10,23,81,0 days 00:00:05.774346
nsga2_p10,crs_8_k10,24,81,0 days 00:00:06.010159
nsga2_p10,crs_8_k10,25,81,0 days 00:00:06.003275
nsga2_p10,crs_8_k10,26,81,0 days 00:00:05.673148
nsga2_p10,crs_8_k10,27,81,0 days 00:00:06.069829
nsga2_p10,crs_8_k10,28,56,0 days 00:00:04.124109
nsga2_p10,crs_8_k10,29,81,0 days 00:00:05.952694
nsga2_p10,crs_8_k10,30,81,0 days 00:00:05.985812
nsga2_p10,crs_8_k25,1,81,0 days 00:00:06.278726
nsga2_p10,crs_8_k25,2,42,0 days 00:00:03.167276
nsga2_p10,crs_8_k25,3,81,0 days 00:00:06.049351
nsga2_p10,crs_8_k25,4,81,0 days 00:00:06.110734
nsga2_p10,crs_8_k25,5,81,0 days 00:00:06.352849
nsga2_p10,crs_8_k25,6,81,0 days 00:00:06.246508
nsga2_p10,crs_8_k25,7,81,0 days 00:00:06.302654
nsga2_p10,crs_8_k25,8,81,0 days 00:00:06.088640
nsga2_p10,crs_8_k25,9,81,0 days 00:00:06.116215
nsga2_p10,crs_8_k25,10,77,0 days 00:00:06.058394
nsga2_p10,crs_8_k25,11,81,0 days 00:00:06.008476
nsga2_p10,crs_8_k25,12,81,0 days 00:00:06.123501
nsga2_p10,crs_8_k25,13,81,0 days 00:00:06.182355
nsga2_p10,crs_8_k25,14,81,0 days 00:00:05.819984
nsga2_p10,crs_8_k25,15,77,0 days 00:00:06.123478
nsga2_p10,crs_8_k25,16,81,0 days 00:00:06.150686
nsga2_p10,crs_8_k25,17,81,0 days 00:00:05.979475
nsga2_p10,crs_8_k25,18,81,0 days 00:00:06.368576
nsga2_p10,crs_8_k25,19,81,0 days 00:00:05.900052
nsga2_p10,crs_8_k25,20,77,0 days 00:00:05.644724
nsga2_p10,crs_8_k25,21,81,0 days 00:00:05.912356
nsga2_p10,crs_8_k25,22,81,0 days 00:00:06.220352
nsga2_p10,crs_8_k25,23,81,0 days 00:00:06.086197
nsga2_p10,crs_8_k25,24,81,0 days 00:00:05.989436
nsga2_p10,crs_8_k25,25,81,0 days 00:00:05.739441
nsga2_p10,crs_8_k25,26,81,0 days 00:00:05.917310
nsga2_p10,crs_8_k25,27,81,0 days 00:00:05.964903
nsga2_p10,crs_8_k25,28,81,0 days 00:00:05.926454
nsga2_p10,crs_8_k25,29,81,0 days 00:00:06.333082
nsga2_p10,crs_8_k25,30,77,0 days 00:00:05.435774
nsga2_p10,crs_8_k50,1,81,0 days 00:00:06.232305
nsga2_p10,crs_8_k50,2,81,0 days 00:00:06.018180
nsga2_p10,crs_8_k50,3,77,0 days 00:00:05.668290
nsga2_p10,crs_8_k50,4,81,0 days 00:00:05.960019
nsga2_p10,crs_8_k50,5,39,0 days 00:00:02.825035
nsga2_p10,crs_8_k50,6,82,0 days 00:00:06.139145
nsga2_p10,crs_8_k50,7,77,0 days 00:00:05.784366
nsga2_p10,crs_8_k50,8,61,0 days 00:00:04.884031
nsga2_p10,crs_8_k50,9,61,0 days 00:00:04.350609
nsga2_p10,crs_8_k50,10,58,0 days 00:00:04.321688
nsga2_p10,crs_8_k50,11,57,0 days 00:00:04.365317
nsga2_p10,crs_8_k50,12,57,0 days 00:00:04.155201
nsga2_p10,crs_8_k50,13,58,0 days 00:00:04.427001
nsga2_p10,crs_8_k50,14,57,0 days 00:00:04.137382
nsga2_p10,crs_8_k50,15,61,0 days 00:00:04.295196
nsga2_p10,crs_8_k50,16,57,0 days 00:00:03.887959
nsga2_p10,crs_8_k50,17,57,0 days 00:00:04.099372
nsga2_p10,crs_8_k50,18,57,0 days 00:00:04.203316
nsga2_p10,crs_8_k50,19,111,0 days 00:00:08.899240
nsga2_p10,crs_8_k50,20,54,0 days 00:00:04.042653
nsga2_p10,crs_8_k50,21,61,0 days 00:00:04.865660
nsga2_p10,crs_8_k50,22,57,0 days 00:00:04.355122
nsga2_p10,crs_8_k50,23,57,0 days 00:00:04.036740
nsga2_p10,crs_8_k50,24,54,0 days 00:00:03.760670
nsga2_p10,crs_8_k50,25,45,0 days 00:00:03.234169
nsga2_p10,crs_8_k50,26,54,0 days 00:00:04.051347
nsga2_p10,crs_8_k50,27,57,0 days 00:00:04.038211
nsga2_p10,crs_8_k50,28,54,0 days 00:00:04.119418
nsga2_p10,crs_8_k50,29,57,0 days 00:00:04.421238
nsga2_p10,crs_8_k50,30,57,0 days 00:00:04.150898
nsga2_p10,crs_8_k100,1,54,0 days 00:00:04.128483
nsga2_p10,crs_8_k100,2,57,0 days 00:00:04.238442
nsga2_p10,crs_8_k100,3,111,0 days 00:00:08.727950
nsga2_p10,crs_8_k100,4,57,0 days 00:00:04.455009
nsga2_p10,crs_8_k100,5,45,0 days 00:00:03.121249
nsga2_p10,crs_8_k100,6,57,0 days 00:00:04.112157
nsga2_p10,crs_8_k100,7,57,0 days 00:00:04.092623
nsga2_p10,crs_8_k100,8,57,0 days 00:00:04.377510
nsga2_p10,crs_8_k100,9,45,0 days 00:00:03.141848
nsga2_p10,crs_8_k100,10,57,0 days 00:00:04.012241
nsga2_p10,crs_8_k100,11,57,0 days 00:00:04.037893
nsga2_p10,crs_8_k100,12,57,0 days 00:00:04.239660
nsga2_p10,crs_8_k100,13,58,0 days 00:00:04.437678
nsga2_p10,crs_8_k100,14,57,0 days 00:00:04.095264
nsga2_p10,crs_8_k100,15,54,0 days 00:00:03.872768
nsga2_p10,crs_8_k100,16,54,0 days 00:00:03.881334
nsga2_p10,crs_8_k100,17,54,0 days 00:00:03.720450
nsga2_p10,crs_8_k100,18,53,0 days 00:00:03.684751
nsga2_p10,crs_8_k100,19,57,0 days 00:00:04.431415
nsga2_p10,crs_8_k100,20,61,0 days 00:00:04.396259
nsga2_p10,crs_8_k100,21,54,0 days 00:00:03.802854
nsga2_p10,crs_8_k100,22,57,0 days 00:00:04.333873
nsga2_p10,crs_8_k100,23,45,0 days 00:00:03.144017
nsga2_p10,crs_8_k100,24,57,0 days 00:00:04.467640
nsga2_p10,crs_8_k100,25,57,0 days 00:00:04.026786
nsga2_p10,crs_8_k100,26,39,0 days 00:00:02.928408
nsga2_p10,crs_8_k100,27,54,0 days 00:00:03.768610
nsga2_p10,crs_8_k100,28,57,0 days 00:00:03.958247
nsga2_p10,crs_8_k100,29,57,0 days 00:00:03.939286
nsga2_p10,crs_8_k100,30,57,0 days 00:00:04.166552
nsga2_p10,crs_8_k1000,1,54,0 days 00:00:03.677157
nsga2_p10,crs_8_k1000,2,57,0 days 00:00:04.187685
nsga2_p10,crs_8_k1000,3,54,0 days 00:00:04.101034
nsga2_p10,crs_8_k1000,4,57,0 days 00:00:04.155538
nsga2_p10,crs_8_k1000,5,57,0 days 00:00:04.338962
nsga2_p10,crs_8_k1000,6,57,0 days 00:00:04.082614
nsga2_p10,crs_8_k1000,7,57,0 days 00:00:04.053391
nsga2_p10,crs_8_k1000,8,57,0 days 00:00:04.379155
nsga2_p10,crs_8_k1000,9,57,0 days 00:00:04.364752
nsga2_p10,crs_8_k1000,10,75,0 days 00:00:05.914398
nsga2_p10,crs_8_k1000,11,72,0 days 00:00:05.677197
nsga2_p10,crs_8_k1000,12,66,0 days 00:00:05.482925
nsga2_p10,crs_8_k1000,13,66,0 days 00:00:05.549305
nsga2_p10,crs_8_k1000,14,66,0 days 00:00:05.428599
nsga2_p10,crs_8_k1000,15,54,0 days 00:00:04.512764
nsga2_p10,crs_8_k1000,16,57,0 days 00:00:04.807661
nsga2_p10,crs_8_k1000,17,50,0 days 00:00:04.022410
nsga2_p10,crs_8_k1000,18,58,0 days 00:00:04.817634
nsga2_p10,crs_8_k1000,19,57,0 days 00:00:04.671795
nsga2_p10,crs_8_k1000,20,54,0 days 00:00:04.472699
nsga2_p10,crs_8_k1000,21,54,0 days 00:00:04.529858
nsga2_p10,crs_8_k1000,22,57,0 days 00:00:04.574769
nsga2_p10,crs_8_k1000,23,54,0 days 00:00:04.507666
nsga2_p10,crs_8_k1000,24,53,0 days 00:00:04.541338
nsga2_p10,crs_8_k1000,25,50,0 days 00:00:04.221773
nsga2_p10,crs_8_k1000,26,54,0 days 00:00:04.239742
nsga2_p10,crs_8_k1000,27,59,0 days 00:00:04.645342
nsga2_p10,crs_8_k1000,28,54,0 days 00:00:04.444153
nsga2_p10,crs_8_k1000,29,57,0 days 00:00:04.738101
nsga2_p10,crs_8_k1000,30,57,0 days 00:00:04.658907
nsga2_p10,pd_5_k10,1,1000,0 days 01:49:45.551013
nsga2_p10,pd_5_k10,2,1000,0 days 01:50:47.817021
nsga2_p10,pd_5_k10,3,909,0 days 01:40:17.756395
nsga2_p10,pd_5_k10,4,1000,0 days 01:47:59.006893
nsga2_p10,pd_5_k10,5,1000,0 days 01:52:28.331853
nsga2_p10,pd_5_k10,6,809,0 days 01:27:59.213374
nsga2_p10,pd_5_k10,7,1000,0 days 01:48:28.185406
nsga2_p10,pd_5_k10,8,1000,0 days 01:48:19.536381
nsga2_p10,pd_5_k10,9,1000,0 days 01:48:32.631185
nsga2_p10,pd_5_k10,10,1000,0 days 01:50:53.605126
nsga2_p10,pd_5_k10,11,1000,0 days 01:48:45.075128
nsga2_p10,pd_5_k10,12,1000,0 days 01:49:46.441313
nsga2_p10,pd_5_k10,13,1000,0 days 01:49:31.859572
nsga2_p10,pd_5_k10,14,1000,0 days 01:49:16.754791
nsga2_p10,pd_5_k10,15,1000,0 days 01:49:24.751636
nsga2_p10,pd_5_k10,16,1000,0 days 01:49:38.382260
nsga2_p10,pd_5_k10,17,1000,0 days 01:48:29.108780
nsga2_p10,pd_5_k10,18,1000,0 days 01:51:00.876186
nsga2_p10,pd_5_k10,19,1000,0 days 01:48:26.780531
nsga2_p10,pd_5_k10,20,1000,0 days 01:48:50.993768
nsga2_p10,pd_5_k10,21,895,0 days 01:38:07.566048
nsga2_p10,pd_5_k10,22,1000,0 days 01:49:01.889122
nsga2_p10,pd_5_k10,23,1000,0 days 01:50:15.989817
nsga2_p10,pd_5_k10,24,980,0 days 01:46:54.561231
nsga2_p10,pd_5_k10,25,1000,0 days 01:49:55.359780
nsga2_p10,pd_5_k10,26,680,0 days 01:14:37.287150
nsga2_p10,pd_5_k10,27,1000,0 days 01:51:20.180411
nsga2_p10,pd_5_k10,28,591,0 days 01:05:50.941454
nsga2_p10,pd_5_k10,29,1000,0 days 01:48:09.365692
nsga2_p10,pd_5_k10,30,1000,0 days 01:51:29.451465
nsga2_p10,pd_5_k25,1,1000,0 days 01:50:22.367447
nsga2_p10,pd_5_k25,2,685,0 days 01:14:57.328371
nsga2_p10,pd_5_k25,3,810,0 days 01:27:45.547719
nsga2_p10,pd_5_k25,4,835,0 days 01:31:18.181528
nsga2_p10,pd_5_k25,5,1000,0 days 01:49:18.846334
nsga2_p10,pd_5_k25,6,810,0 days 01:27:48.689736
nsga2_p10,pd_5_k25,7,970,0 days 01:45:32.386626
nsga2_p10,pd_5_k25,8,1000,0 days 01:50:56.343568
nsga2_p10,pd_5_k25,9,1000,0 days 01:49:45.522757
nsga2_p10,pd_5_k25,10,1000,0 days 01:49:09.504684
nsga2_p10,pd_5_k25,11,1000,0 days 01:50:30.116769
nsga2_p10,pd_5_k25,12,1000,0 days 01:48:05.895833
nsga2_p10,pd_5_k25,13,1000,0 days 01:48:58.925649
nsga2_p10,pd_5_k25,14,1000,0 days 01:48:29.906663
nsga2_p10,pd_5_k25,15,1000,0 days 01:49:03.941026
nsga2_p10,pd_5_k25,16,1000,0 days 01:51:09.280808
nsga2_p10,pd_5_k25,17,1000,0 days 01:48:57.934843
nsga2_p10,pd_5_k25,18,1000,0 days 01:49:27.225681
nsga2_p10,pd_5_k25,19,1000,0 days 01:50:25.296312
nsga2_p10,pd_5_k25,20,1000,0 days 01:48:26.305184
nsga2_p10,pd_5_k25,21,1000,0 days 01:50:07.421181
nsga2_p10,pd_5_k25,22,695,0 days 01:14:14.002918
nsga2_p10,pd_5_k25,23,1000,0 days 01:50:53.265880
nsga2_p10,pd_5_k25,24,1000,0 days 01:49:40.336071
nsga2_p10,pd_5_k25,25,1000,0 days 01:49:50.374917
nsga2_p10,pd_5_k25,26,465,0 days 00:51:51.768682
nsga2_p10,pd_5_k25,27,1000,0 days 01:49:01.675198
nsga2_p10,pd_5_k25,28,1000,0 days 01:49:41.657969
nsga2_p10,pd_5_k25,29,905,0 days 01:38:22.517175
nsga2_p10,pd_5_k25,30,1000,0 days 01:50:42.503990
nsga2_p10,pd_5_k50,1,1000,0 days 01:48:35.890606
nsga2_p10,pd_5_k50,2,985,0 days 01:48:39.837988
nsga2_p10,pd_5_k50,3,1000,0 days 01:50:01.699800
nsga2_p10,pd_5_k50,4,760,0 days 01:22:13.107011
nsga2_p10,pd_5_k50,5,1000,0 days 01:52:00.692425
nsga2_p10,pd_5_k50,6,385,0 days 00:42:50.274872
nsga2_p10,pd_5_k50,7,1000,0 days 01:47:08.751257
nsga2_p10,pd_5_k50,8,1000,0 days 01:49:35.319431
nsga2_p10,pd_5_k50,9,1000,0 days 01:50:24.866264
nsga2_p10,pd_5_k50,10,435,0 days 00:47:18.695235
nsga2_p10,pd_5_k50,11,695,0 days 01:15:13.698708
nsga2_p10,pd_5_k50,12,1000,0 days 01:48:49.844081
nsga2_p10,pd_5_k50,13,1000,0 days 01:48:46.631744
nsga2_p10,pd_5_k50,14,1000,0 days 01:49:18.605507
nsga2_p10,pd_5_k50,15,820,0 days 01:29:14.966569
nsga2_p10,pd_5_k50,16,1000,0 days 01:49:17.375916
nsga2_p10,pd_5_k50,17,1000,0 days 01:50:18.323675
nsga2_p10,pd_5_k50,18,1000,0 days 01:48:54.659361
nsga2_p10,pd_5_k50,19,370,0 days 00:40:24.686342
nsga2_p10,pd_5_k50,20,458,0 days 00:49:31.781540
nsga2_p10,pd_5_k50,21,1000,0 days 01:47:47.551167
nsga2_p10,pd_5_k50,22,715,0 days 01:17:30.245593
nsga2_p10,pd_5_k50,23,1000,0 days 01:48:37.929403
nsga2_p10,pd_5_k50,24,1000,0 days 01:48:58.299419
nsga2_p10,pd_5_k50,25,790,0 days 01:26:05.913054
nsga2_p10,pd_5_k50,26,335,0 days 00:36:21.007759
nsga2_p10,pd_5_k50,27,850,0 days 01:32:10.513442
nsga2_p10,pd_5_k50,28,495,0 days 00:53:42.167963
nsga2_p10,pd_5_k50,29,1000,0 days 01:48:44.202342
nsga2_p10,pd_5_k50,30,1000,0 days 01:48:05.863001
nsga2_p10,pd_5_k100,1,1000,0 days 01:51:22.046922
nsga2_p10,pd_5_k100,2,915,0 days 01:41:04.591126
nsga2_p10,pd_5_k100,3,865,0 days 01:33:46.917264
nsga2_p10,pd_5_k100,4,1000,0 days 01:48:36.836510
nsga2_p10,pd_5_k100,5,970,0 days 01:45:54.483677
nsga2_p10,pd_5_k100,6,1000,0 days 01:49:02.764134
nsga2_p10,pd_5_k100,7,1000,0 days 01:48:23.456200
nsga2_p10,pd_5_k100,8,360,0 days 00:39:14.972557
nsga2_p10,pd_5_k100,9,716,0 days 01:17:30.987316
nsga2_p10,pd_5_k100,10,650,0 days 01:10:59.011904
nsga2_p10,pd_5_k100,11,1000,0 days 01:49:32.649681
nsga2_p10,pd_5_k100,12,1000,0 days 01:49:09.401927
nsga2_p10,pd_5_k100,13,1000,0 days 01:48:53.372968
nsga2_p10,pd_5_k100,14,740,0 days 01:21:02.528027
nsga2_p10,pd_5_k100,15,715,0 days 01:18:44.559097
nsga2_p10,pd_5_k100,16,1000,0 days 01:50:21.757419
nsga2_p10,pd_5_k100,17,410,0 days 00:45:03.566011
nsga2_p10,pd_5_k100,18,1000,0 days 01:49:40.135514
nsga2_p10,pd_5_k100,19,255,0 days 00:27:55.904159
nsga2_p10,pd_5_k100,20,715,0 days 01:18:39.390376
nsga2_p10,pd_5_k100,21,1000,0 days 01:49:12.964337
nsga2_p10,pd_5_k100,22,894,0 days 01:37:31.389545
nsga2_p10,pd_5_k100,23,405,0 days 00:44:30.279062
nsga2_p10,pd_5_k100,24,1000,0 days 01:49:36.745353
nsga2_p10,pd_5_k100,25,1000,0 days 01:49:59.114861
nsga2_p10,pd_5_k100,26,1000,0 days 01:49:36.351668
nsga2_p10,pd_5_k100,27,285,0 days 00:31:34.097384
nsga2_p10,pd_5_k100,28,1000,0 days 01:50:15.499832
nsga2_p10,pd_5_k100,29,635,0 days 01:10:09.485508
nsga2_p10,pd_5_k100,30,1000,0 days 01:50:33.170857
nsga2_p10,pd_5_k1000,1,750,0 days 01:22:53.652803
nsga2_p10,pd_5_k1000,2,430,0 days 00:47:36.973707
nsga2_p10,pd_5_k1000,3,1000,0 days 01:50:02.891121
nsga2_p10,pd_5_k1000,4,1000,0 days 01:50:28.703361
nsga2_p10,pd_5_k1000,5,445,0 days 00:49:20.327785
nsga2_p10,pd_5_k1000,6,1000,0 days 01:51:28.604042
nsga2_p10,pd_5_k1000,7,1000,0 days 01:49:56.192252
nsga2_p10,pd_5_k1000,8,895,0 days 01:39:37.404849
nsga2_p10,pd_5_k1000,9,1000,0 days 01:52:28.090983
nsga2_p10,pd_5_k1000,10,465,0 days 00:50:12.193086
nsga2_p10,pd_5_k1000,11,1000,0 days 01:49:53.707951
nsga2_p10,pd_5_k1000,12,1000,0 days 01:50:21.215563
nsga2_p10,pd_5_k1000,13,1000,0 days 01:47:59.383149
nsga2_p10,pd_5_k1000,14,483,0 days 00:52:28.404926
nsga2_p10,pd_5_k1000,15,1000,0 days 01:49:17.695950
nsga2_p10,pd_5_k1000,16,930,0 days 01:41:44.987009
nsga2_p10,pd_5_k1000,17,635,0 days 01:09:33.782887
nsga2_p10,pd_5_k1000,18,1000,0 days 01:47:17.066387
nsga2_p10,pd_5_k1000,19,875,0 days 01:36:25.455116
nsga2_p10,pd_5_k1000,20,1000,0 days 01:50:09.791332
nsga2_p10,pd_5_k1000,21,1000,0 days 01:48:08.074623
nsga2_p10,pd_5_k1000,22,1000,0 days 01:48:01.434199
nsga2_p10,pd_5_k1000,23,472,0 days 00:52:43.580666
nsga2_p10,pd_5_k1000,24,1000,0 days 01:47:35.831723
nsga2_p10,pd_5_k1000,25,356,0 days 00:38:53.503040
nsga2_p10,pd_5_k1000,26,895,0 days 01:38:25.635805
nsga2_p10,pd_5_k1000,27,1000,0 days 01:46:37.933343
nsga2_p10,pd_5_k1000,28,471,0 days 00:51:29.404439
nsga2_p10,pd_5_k1000,29,1000,0 days 01:50:11.631512
nsga2_p10,pd_5_k1000,30,210,0 days 00:22:34.708438
nsga2_p10,zdt1_30_k10,1,172,0 days 00:00:03.025352
nsga2_p10,zdt1_30_k10,2,150,0 days 00:00:02.576775
nsga2_p10,zdt1_30_k10,3,246,0 days 00:00:04.266393
nsga2_p10,zdt1_30_k10,4,221,0 days 00:00:03.803668
nsga2_p10,zdt1_30_k10,5,174,0 days 00:00:03.317467
nsga2_p10,zdt1_30_k10,6,380,0 days 00:00:07.630395
nsga2_p10,zdt1_30_k10,7,174,0 days 00:00:02.958070
nsga2_p10,zdt1_30_k10,8,174,0 days 00:00:03.113036
nsga2_p10,zdt1_30_k10,9,235,0 days 00:00:04.384941
nsga2_p10,zdt1_30_k10,10,179,0 days 00:00:03.095637
nsga2_p10,zdt1_30_k10,11,174,0 days 00:00:02.949055
nsga2_p10,zdt1_30_k10,12,236,0 days 00:00:04.507536
nsga2_p10,zdt1_30_k10,13,166,0 days 00:00:03.196443
nsga2_p10,zdt1_30_k10,14,332,0 days 00:00:06.538641
nsga2_p10,zdt1_30_k10,15,214,0 days 00:00:03.945908
nsga2_p10,zdt1_30_k10,16,223,0 days 00:00:04.176540
nsga2_p10,zdt1_30_k10,17,266,0 days 00:00:04.959182
nsga2_p10,zdt1_30_k10,18,246,0 days 00:00:04.618535
nsga2_p10,zdt1_30_k10,19,221,0 days 00:00:04.372340
nsga2_p10,zdt1_30_k10,20,148,0 days 00:00:02.547678
nsga2_p10,zdt1_30_k10,21,174,0 days 00:00:02.941489
nsga2_p10,zdt1_30_k10,22,190,0 days 00:00:03.274733
nsga2_p10,zdt1_30_k10,23,246,0 days 00:00:04.567177
nsga2_p10,zdt1_30_k10,24,246,0 days 00:00:04.984761
nsga2_p10,zdt1_30_k10,25,174,0 days 00:00:03.294050
nsga2_p10,zdt1_30_k10,26,299,0 days 00:00:06.040885
nsga2_p10,zdt1_30_k10,27,246,0 days 00:00:04.690613
nsga2_p10,zdt1_30_k10,28,174,0 days 00:00:03.161502
nsga2_p10,zdt1_30_k10,29,230,0 days 00:00:03.967581
nsga2_p10,zdt1_30_k10,30,166,0 days 00:00:03.104110
nsga2_p10,zdt1_30_k25,1,299,0 days 00:00:06.032864
nsga2_p10,zdt1_30_k25,2,147,0 days 00:00:02.523861
nsga2_p10,zdt1_30_k25,3,179,0 days 00:00:03.079460
nsga2_p10,zdt1_30_k25,4,174,0 days 00:00:02.997639
nsga2_p10,zdt1_30_k25,5,174,0 days 00:00:03.000289
nsga2_p10,zdt1_30_k25,6,236,0 days 00:00:04.776715
nsga2_p10,zdt1_30_k25,7,174,0 days 00:00:02.929439
nsga2_p10,zdt1_30_k25,8,304,0 days 00:00:05.480748
nsga2_p10,zdt1_30_k25,9,180,0 days 00:00:03.092213
nsga2_p10,zdt1_30_k25,10,236,0 days 00:00:04.110260
nsga2_p10,zdt1_30_k25,11,147,0 days 00:00:02.687077
nsga2_p10,zdt1_30_k25,12,149,0 days 00:00:02.546571
nsga2_p10,zdt1_30_k25,13,191,0 days 00:00:03.218072
nsga2_p10,zdt1_30_k25,14,246,0 days 00:00:04.717452
nsga2_p10,zdt1_30_k25,15,246,0 days 00:00:04.370566
nsga2_p10,zdt1_30_k25,16,119,0 days 00:00:01.977824
nsga2_p10,zdt1_30_k25,17,176,0 days 00:00:02.940035
nsga2_p10,zdt1_30_k25,18,175,0 days 00:00:03.132620
nsga2_p10,zdt1_30_k25,19,164,0 days 00:00:02.903357
nsga2_p10,zdt1_30_k25,20,193,0 days 00:00:03.325956
nsga2_p10,zdt1_30_k25,21,172,0 days 00:00:02.932540
nsga2_p10,zdt1_30_k25,22,335,0 days 00:00:07.062085
nsga2_p10,zdt1_30_k25,23,174,0 days 00:00:03.006849
nsga2_p10,zdt1_30_k25,24,229,0 days 00:00:04.088218
nsga2_p10,zdt1_30_k25,25,319,0 days 00:00:05.948205
nsga2_p10,zdt1_30_k25,26,148,0 days 00:00:02.547201
nsga2_p10,zdt1_30_k25,27,235,0 days 00:00:04.222908
nsga2_p10,zdt1_30_k25,28,246,0 days 00:00:04.475073
nsga2_p10,zdt1_30_k25,29,148,0 days 00:00:02.606741
nsga2_p10,zdt1_30_k25,30,319,0 days 00:00:06.427315
nsga2_p10,zdt1_30_k50,1,246,0 days 00:00:04.593968
nsga2_p10,zdt1_30_k50,2,174,0 days 00:00:03.015656
nsga2_p10,zdt1_30_k50,3,235,0 days 00:00:04.450488
nsga2_p10,zdt1_30_k50,4,130,0 days 00:00:02.208040
nsga2_p10,zdt1_30_k50,5,229,0 days 00:00:04.300779
nsga2_p10,zdt1_30_k50,6,176,0 days 00:00:03.018493
nsga2_p10,zdt1_30_k50,7,229,0 days 00:00:04.103817
nsga2_p10,zdt1_30_k50,8,174,0 days 00:00:03.141652
nsga2_p10,zdt1_30_k50,9,246,0 days 00:00:04.595793
nsga2_p10,zdt1_30_k50,10,235,0 days 00:00:04.008743
nsga2_p10,zdt1_30_k50,11,235,0 days 00:00:04.129875
nsga2_p10,zdt1_30_k50,12,160,0 days 00:00:02.868065
nsga2_p10,zdt1_30_k50,13,236,0 days 00:00:04.552215
nsga2_p10,zdt1_30_k50,14,103,0 days 00:00:01.729763
nsga2_p10,zdt1_30_k50,15,191,0 days 00:00:03.460705
nsga2_p10,zdt1_30_k50,16,150,0 days 00:00:02.863618
nsga2_p10,zdt1_30_k50,17,246,0 days 00:00:04.769164
nsga2_p10,zdt1_30_k50,18,174,0 days 00:00:02.980585
nsga2_p10,zdt1_30_k50,19,176,0 days 00:00:03.021137
nsga2_p10,zdt1_30_k50,20,174,0 days 00:00:03.055645
nsga2_p10,zdt1_30_k50,21,191,0 days 00:00:03.394011
nsga2_p10,zdt1_30_k50,22,174,0 days 00:00:02.909572
nsga2_p10,zdt1_30_k50,23,335,0 days 00:00:06.233369
nsga2_p10,zdt1_30_k50,24,175,0 days 00:00:03.120891
nsga2_p10,zdt1_30_k50,25,299,0 days 00:00:05.607811
nsga2_p10,zdt1_30_k50,26,174,0 days 00:00:03.369813
nsga2_p10,zdt1_30_k50,27,265,0 days 00:00:05.273662
nsga2_p10,zdt1_30_k50,28,179,0 days 00:00:03.274756
nsga2_p10,zdt1_30_k50,29,229,0 days 00:00:04.545954
nsga2_p10,zdt1_30_k50,30,148,0 days 00:00:02.479015
nsga2_p10,zdt1_30_k100,1,148,0 days 00:00:02.566864
nsga2_p10,zdt1_30_k100,2,300,0 days 00:00:05.551949
nsga2_p10,zdt1_30_k100,3,174,0 days 00:00:02.901078
nsga2_p10,zdt1_30_k100,4,191,0 days 00:00:03.349056
nsga2_p10,zdt1_30_k100,5,138,0 days 00:00:02.429027
nsga2_p10,zdt1_30_k100,6,174,0 days 00:00:03.066829
nsga2_p10,zdt1_30_k100,7,228,0 days 00:00:04.284003
nsga2_p10,zdt1_30_k100,8,174,0 days 00:00:02.937826
nsga2_p10,zdt1_30_k100,9,174,0 days 00:00:03.114736
nsga2_p10,zdt1_30_k100,10,174,0 days 00:00:03.082493
nsga2_p10,zdt1_30_k100,11,179,0 days 00:00:03.099027
nsga2_p10,zdt1_30_k100,12,150,0 days 00:00:02.659880
nsga2_p10,zdt1_30_k100,13,150,0 days 00:00:02.717296
nsga2_p10,zdt1_30_k100,14,174,0 days 00:00:03.024477
nsga2_p10,zdt1_30_k100,15,176,0 days 00:00:03.031701
nsga2_p10,zdt1_30_k100,16,246,0 days 00:00:04.311402
nsga2_p10,zdt1_30_k100,17,235,0 days 00:00:04.022483
nsga2_p10,zdt1_30_k100,18,174,0 days 00:00:02.941436
nsga2_p10,zdt1_30_k100,19,175,0 days 00:00:03.033603
nsga2_p10,zdt1_30_k100,20,174,0 days 00:00:02.912121
nsga2_p10,zdt1_30_k100,21,335,0 days 00:00:06.577277
nsga2_p10,zdt1_30_k100,22,120,0 days 00:00:02.079812
nsga2_p10,zdt1_30_k100,23,205,0 days 00:00:03.494965
nsga2_p10,zdt1_30_k100,24,176,0 days 00:00:03.099110
nsga2_p10,zdt1_30_k100,25,229,0 days 00:00:04.054638
nsga2_p10,zdt1_30_k100,26,256,0 days 00:00:04.802617
nsga2_p10,zdt1_30_k100,27,166,0 days 00:00:02.802927
nsga2_p10,zdt1_30_k100,28,148,0 days 00:00:02.491132
nsga2_p10,zdt1_30_k100,29,147,0 days 00:00:02.533492
nsga2_p10,zdt1_30_k100,30,174,0 days 00:00:03.110130
nsga2_p10,zdt1_30_k1000,1,250,0 days 00:00:04.779657
nsga2_p10,zdt1_30_k1000,2,246,0 days 00:00:04.377249
nsga2_p10,zdt1_30_k1000,3,174,0 days 00:00:03.078661
nsga2_p10,zdt1_30_k1000,4,246,0 days 00:00:04.933188
nsga2_p10,zdt1_30_k1000,5,174,0 days 00:00:02.962765
nsga2_p10,zdt1_30_k1000,6,235,0 days 00:00:04.197211
nsga2_p10,zdt1_30_k1000,7,179,0 days 00:00:03.048992
nsga2_p10,zdt1_30_k1000,8,246,0 days 00:00:04.492499
nsga2_p10,zdt1_30_k1000,9,174,0 days 00:00:02.958648
nsga2_p10,zdt1_30_k1000,10,332,0 days 00:00:06.625992
nsga2_p10,zdt1_30_k1000,11,285,0 days 00:00:05.599280
nsga2_p10,zdt1_30_k1000,12,174,0 days 00:00:03.032636
nsga2_p10,zdt1_30_k1000,13,87,0 days 00:00:01.481892
nsga2_p10,zdt1_30_k1000,14,139,0 days 00:00:02.514091
nsga2_p10,zdt1_30_k1000,15,148,0 days 00:00:02.682482
nsga2_p10,zdt1_30_k1000,16,246,0 days 00:00:04.712360
nsga2_p10,zdt1_30_k1000,17,148,0 days 00:00:02.569687
nsga2_p10,zdt1_30_k1000,18,174,0 days 00:00:03.272002
nsga2_p10,zdt1_30_k1000,19,211,0 days 00:00:03.820512
nsga2_p10,zdt1_30_k1000,20,176,0 days 00:00:03.005307
nsga2_p10,zdt1_30_k1000,21,176,0 days 00:00:03.299755
nsga2_p10,zdt1_30_k1000,22,152,0 days 00:00:02.537154
nsga2_p10,zdt1_30_k1000,23,174,0 days 00:00:03.113742
nsga2_p10,zdt1_30_k1000,24,85,0 days 00:00:01.493666
nsga2_p10,zdt1_30_k1000,25,174,0 days 00:00:02.955084
nsga2_p10,zdt1_30_k1000,26,174,0 days 00:00:03.199513
nsga2_p10,zdt1_30_k1000,27,174,0 days 00:00:03.241775
nsga2_p10,zdt1_30_k1000,28,236,0 days 00:00:04.324259
nsga2_p10,zdt1_30_k1000,29,319,0 days 00:00:05.854832
nsga2_p10,zdt1_30_k1000,30,179,0 days 00:00:03.058916
nsga2_p10,crs_8_a10,1,118,0 days 00:00:37.492221
nsga2_p10,crs_8_a10,2,97,0 days 00:00:32.861934
nsga2_p10,crs_8_a10,3,42,0 days 00:00:12.242875
nsga2_p10,crs_8_a10,4,97,0 days 00:00:30.851507
nsga2_p10,crs_8_a10,5,66,0 days 00:00:20.272228
nsga2_p10,crs_8_a10,6,97,0 days 00:00:36.076792
nsga2_p10,crs_8_a10,7,143,0 days 00:00:54.053275
nsga2_p10,crs_8_a10,8,91,0 days 00:00:31.386689
nsga2_p10,crs_8_a10,9,96,0 days 00:00:32.011024
nsga2_p10,crs_8_a10,10,81,0 days 00:00:31.313312
nsga2_p10,crs_8_a10,11,70,0 days 00:00:24.200354
nsga2_p10,crs_8_a10,12,47,0 days 00:00:16.550500
nsga2_p10,crs_8_a10,13,62,0 days 00:00:24.907785
nsga2_p10,crs_8_a10,14,96,0 days 00:00:36.224632
nsga2_p10,crs_8_a10,15,111,0 days 00:00:37.601080
nsga2_p10,crs_8_a10,16,197,0 days 00:01:13.265881
nsga2_p10,crs_8_a10,17,85,0 days 00:00:28.426853
nsga2_p10,crs_8_a10,18,59,0 days 00:00:21.666756
nsga2_p10,crs_8_a10,19,47,0 days 00:00:17.272675
nsga2_p10,crs_8_a10,20,97,0 days 00:00:36.835300
nsga2_p10,crs_8_a10,21,97,0 days 00:00:32.456269
nsga2_p10,crs_8_a10,22,165,0 days 00:00:56.250536
nsga2_p10,crs_8_a10,23,194,0 days 00:01:08.105519
nsga2_p10,crs_8_a10,24,49,0 days 00:00:17.244479
nsga2_p10,crs_8_a10,25,83,0 days 00:00:29.451988
nsga2_p10,crs_8_a10,26,58,0 days 00:00:21.004770
nsga2_p10,crs_8_a10,27,99,0 days 00:00:34.582532
nsga2_p10,crs_8_a10,28,64,0 days 00:00:22.889109
nsga2_p10,crs_8_a10,29,40,0 days 00:00:13.340002
nsga2_p10,crs_8_a10,30,72,0 days 00:00:25.378078
nsga2_p10,crs_8_a100,1,36,0 days 00:02:15.456445
nsga2_p10,crs_8_a100,2,100,0 days 00:07:14.104531
nsga2_p10,crs_8_a100,3,100,0 days 00:07:22.360232
nsga2_p10,crs_8_a100,4,77,0 days 00:05:29.132188
nsga2_p10,crs_8_a100,5,33,0 days 00:02:04.706148
nsga2_p10,crs_8_a100,6,35,0 days 00:02:08.112879
nsga2_p10,crs_8_a100,7,35,0 days 00:02:30.350205
nsga2_p10,crs_8_a100,8,57,0 days 00:03:57.429635
nsga2_p10,crs_8_a100,9,40,0 days 00:02:42.295082
nsga2_p10,crs_8_a100,10,45,0 days 00:02:58.874955
nsga2_p10,crs_8_a100,11,35,0 days 00:02:31.815457
nsga2_p10,crs_8_a100,12,35,0 days 00:02:15.559687
nsga2_p10,crs_8_a100,13,45,0 days 00:03:09.778171
nsga2_p10,crs_8_a100,14,100,0 days 00:07:52.794339
nsga2_p10,crs_8_a100,15,57,0 days 00:04:01.388542
nsga2_p10,crs_8_a100,16,89,0 days 00:06:56.165860
nsga2_p10,crs_8_a100,17,56,0 days 00:03:51.650515
nsga2_p10,crs_8_a100,18,45,0 days 00:03:20.694259
nsga2_p10,crs_8_a100,19,100,0 days 00:07:54.950060
nsga2_p10,crs_8_a100,20,100,0 days 00:07:53.161201
nsga2_p10,crs_8_a100,21,57,0 days 00:04:24.061470
nsga2_p10,crs_8_a100,22,72,0 days 00:05:34.930336
nsga2_p10,crs_8_a100,23,35,0 days 00:02:34.548925
nsga2_p10,crs_8_a100,24,80,0 days 00:06:25.327751
nsga2_p10,crs_8_a100,25,84,0 days 00:06:28.521338
nsga2_p10,crs_8_a100,26,57,0 days 00:04:14.035740
nsga2_p10,crs_8_a100,27,35,0 days 00:02:35.415242
nsga2_p10,crs_8_a100,28,89,0 days 00:05:57.268569
nsga2_p10,crs_8_a100,29,46,0 days 00:03:20.118787
nsga2_p10,crs_8_a100,30,54,0 days 00:04:13.643718
nsga2_p10,pd_5_a10,1,540,0 days 09:49:06.557083
nsga2_p10,pd_5_a10,2,1000,0 days 18:06:18.597449
nsga2_p10,pd_5_a10,3,1000,0 days 18:09:52.516047
nsga2_p10,pd_5_a10,4,1000,0 days 18:09:52.468990
nsga2_p10,pd_5_a10,5,1000,0 days 18:00:58.746996
nsga2_p10,pd_5_a10,6,1000,0 days 18:08:56.555447
nsga2_p10,pd_5_a10,7,1000,0 days 18:01:53.342566
nsga2_p10,pd_5_a10,8,430,0 days 07:45:44.260580
nsga2_p10,pd_5_a10,9,1000,0 days 18:06:30.580491
nsga2_p10,pd_5_a10,10,1000,0 days 18:10:58.774533
nsga2_p10,pd_5_a10,11,1000,0 days 18:08:49.250655
nsga2_p10,pd_5_a10,12,1000,0 days 18:07:40.682580
nsga2_p10,pd_5_a10,13,1000,0 days 18:08:33.950567
nsga2_p10,pd_5_a10,14,1000,0 days 18:12:48.987856
nsga2_p10,pd_5_a10,15,1000,0 days 18:01:34.040618
nsga2_p10,pd_5_a10,16,1000,0 days 18:21:01.719419
nsga2_p10,pd_5_a10,17,1000,0 days 18:15:30.707007
nsga2_p10,pd_5_a10,18,1000,0 days 18:23:37.675651
nsga2_p10,pd_5_a10,19,1000,0 days 18:23:06.727842
nsga2_p10,pd_5_a10,20,560,0 days 10:10:33.316892
nsga2_p10,pd_5_a10,21,1000,0 days 18:07:47.626898
nsga2_p10,pd_5_a10,22,1000,0 days 18:01:58.776007
nsga2_p10,pd_5_a10,23,1000,0 days 18:33:00.159881
nsga2_p10,pd_5_a10,24,1000,0 days 18:05:12.222703
nsga2_p10,pd_5_a10,25,1000,0 days 18:13:27.781369
nsga2_p10,pd_5_a10,26,1000,0 days 18:05:16.466087
nsga2_p10,pd_5_a10,27,1000,0 days 18:16:09.670332
nsga2_p10,pd_5_a10,28,1000,0 days 18:06:36.024748
nsga2_p10,pd_5_a10,29,1000,0 days 18:00:58.193325
nsga2_p10,pd_5_a10,30,1000,0 days 18:05:54.411399
nsga2_p10,pd_5_a100,1,100,0 days 18:07:06.959374
nsga2_p10,pd_5_a100,2,100,0 days 18:07:26.525201
nsga2_p10,pd_5_a100,3,100,0 days 18:13:04.259452
nsga2_p10,pd_5_a100,4,100,0 days 18:10:37.894665
nsga2_p10,pd_5_a100,5,100,0 days 18:14:55.013920
nsga2_p10,pd_5_a100,6,100,0 days 18:12:55.122076
nsga2_p10,pd_5_a100,7,100,0 days 18:18:33.318118
nsga2_p10,pd_5_a100,8,100,0 days 18:15:26.332131
nsga2_p10,pd_5_a100,9,100,0 days 18:15:42.517049
nsga2_p10,pd_5_a100,10,100,0 days 18:22:18.899083
nsga2_p10,pd_5_a100,11,100,0 days 18:22:36.429722
nsga2_p10,pd_5_a100,12,100,0 days 18:24:06.671695
nsga2_p10,pd_5_a100,13,100,0 days 18:24:01.166235
nsga2_p10,pd_5_a100,14,100,0 days 18:29:03.761067
nsga2_p10,pd_5_a100,15,100,0 days 18:24:53.647356
nsga2_p10,pd_5_a100,16,100,0 days 18:23:56.254003
nsga2_p10,pd_5_a100,17,100,0 days 18:28:55.124994
nsga2_p10,pd_5_a100,18,100,0 days 18:13:13.436457
nsga2_p10,pd_5_a100,19,100,0 days 18:35:43.079702
nsga2_p10,pd_5_a100,20,100,0 days 18:07:46.291757
nsga2_p10,pd_5_a100,21,100,0 days 18:06:25.260374
nsga2_p10,pd_5_a100,22,100,0 days 18:20:56.801485
nsga2_p10,pd_5_a100,23,100,0 days 18:06:04.542193
nsga2_p10,pd_5_a100,24,100,0 days 18:22:50.335036
nsga2_p10,pd_5_a100,25,100,0 days 18:18:56.884305
nsga2_p10,pd_5_a100,26,100,0 days 18:12:21.837961
nsga2_p10,pd_5_a100,27,100,0 days 17:57:01.620798
nsga2_p10,pd_5_a100,28,100,0 days 18:01:02.531811
nsga2_p10,pd_5_a100,29,100,0 days 18:27:24.106672
nsga2_p10,pd_5_a100,30,100,0 days 18:03:00.055424
nsga2_p10,zdt1_30_a10,1,348,0 days 00:00:08.563068
nsga2_p10,zdt1_30_a10,2,245,0 days 00:00:03.030004
nsga2_p10,zdt1_30_a10,3,228,0 days 00:00:02.613264
nsga2_p10,zdt1_30_a10,4,241,0 days 00:00:03.173169
nsga2_p10,zdt1_30_a10,5,175,0 days 00:00:01.576793
nsga2_p10,zdt1_30_a10,6,202,0 days 00:00:02.159930
nsga2_p10,zdt1_30_a10,7,192,0 days 00:00:01.944037
nsga2_p10,zdt1_30_a10,8,220,0 days 00:00:02.536801
nsga2_p10,zdt1_30_a10,9,460,0 days 00:00:13.410667
nsga2_p10,zdt1_30_a10,10,220,0 days 00:00:02.592166
nsga2_p10,zdt1_30_a10,11,231,0 days 00:00:02.803627
nsga2_p10,zdt1_30_a10,12,160,0 days 00:00:01.244501
nsga2_p10,zdt1_30_a10,13,371,0 days 00:00:08.018259
nsga2_p10,zdt1_30_a10,14,468,0 days 00:00:13.218879
nsga2_p10,zdt1_30_a10,15,236,0 days 00:00:03.000019
nsga2_p10,zdt1_30_a10,16,162,0 days 00:00:01.300088
nsga2_p10,zdt1_30_a10,17,235,0 days 00:00:02.956653
nsga2_p10,zdt1_30_a10,18,220,0 days 00:00:02.554500
nsga2_p10,zdt1_30_a10,19,236,0 days 00:00:02.934224
nsga2_p10,zdt1_30_a10,20,197,0 days 00:00:01.971200
nsga2_p10,zdt1_30_a10,21,320,0 days 00:00:05.807715
nsga2_p10,zdt1_30_a10,22,468,0 days 00:00:13.043144
nsga2_p10,zdt1_30_a10,23,506,0 days 00:00:15.747201
nsga2_p10,zdt1_30_a10,24,197,0 days 00:00:01.970369
nsga2_p10,zdt1_30_a10,25,145,0 days 00:00:01.040161
nsga2_p10,zdt1_30_a10,26,239,0 days 00:00:03.058587
nsga2_p10,zdt1_30_a10,27,375,0 days 00:00:08.158112
nsga2_p10,zdt1_30_a10,28,243,0 days 00:00:03.185075
nsga2_p10,zdt1_30_a10,29,367,0 days 00:00:07.707351
nsga2_p10,zdt1_30_a10,30,354,0 days 00:00:06.978380
nsga2_p10,zdt1_30_a100,1,100,0 days 00:01:02.487460
nsga2_p10,zdt1_30_a100,2,100,0 days 00:00:54.767728
nsga2_p10,zdt1_30_a100,3,100,0 days 00:00:54.697315
nsga2_p10,zdt1_30_a100,4,100,0 days 00:00:54.923503
nsga2_p10,zdt1_30_a100,5,100,0 days 00:00:54.903843
nsga2_p10,zdt1_30_a100,6,100,0 days 00:00:54.512998
nsga2_p10,zdt1_30_a100,7,100,0 days 00:00:55.535224
nsga2_p10,zdt1_30_a100,8,100,0 days 00:01:07.180203
nsga2_p10,zdt1_30_a100,9,100,0 days 00:01:12.554626
nsga2_p10,zdt1_30_a100,10,100,0 days 00:00:55.869052
nsga2_p10,zdt1_30_a100,11,100,0 days 00:01:04.361905
nsga2_p10,zdt1_30_a100,12,100,0 days 00:00:55.328656
nsga2_p10,zdt1_30_a100,13,100,0 days 00:01:04.897571
nsga2_p10,zdt1_30_a100,14,100,0 days 00:01:03.457838
nsga2_p10,zdt1_30_a100,15,100,0 days 00:00:56.115458
nsga2_p10,zdt1_30_a100,16,100,0 days 00:01:03.982670
nsga2_p10,zdt1_30_a100,17,100,0 days 00:01:02.125269
nsga2_p10,zdt1_30_a100,18,100,0 days 00:00:55.117446
nsga2_p10,zdt1_30_a100,19,100,0 days 00:01:04.082758
nsga2_p10,zdt1_30_a100,20,100,0 days 00:01:03.893422
nsga2_p10,zdt1_30_a100,21,100,0 days 00:00:55.876754
nsga2_p10,zdt1_30_a100,22,100,0 days 00:01:04.856670
nsga2_p10,zdt1_30_a100,23,100,0 days 00:01:05.413453
nsga2_p10,zdt1_30_a100,24,100,0 days 00:00:55.509630
nsga2_p10,zdt1_30_a100,25,100,0 days 00:01:04.796180
nsga2_p10,zdt1_30_a100,26,100,0 days 00:01:05.789180
nsga2_p10,zdt1_30_a100,27,100,0 days 00:00:55.491277
nsga2_p10,zdt1_30_a100,28,100,0 days 00:01:05.263869
nsga2_p10,zdt1_30_a100,29,100,0 days 00:00:55.498512
nsga2_p10,zdt1_30_a100,30,100,0 days 00:01:02.473677
nsga2_p20,crs_8_k10,1,188,0 days 00:00:12.814417
nsga2_p20,crs_8_k10,2,80,0 days 00:00:04.510724
nsga2_p20,crs_8_k10,3,40,0 days 00:00:02.213747
nsga2_p20,crs_8_k10,4,98,0 days 00:00:06.876579
nsga2_p20,crs_8_k10,5,146,0 days 00:00:12.166048
nsga2_p20,crs_8_k10,6,64,0 days 00:00:05.735052
nsga2_p20,crs_8_k10,7,63,0 days 00:00:04.115192
nsga2_p20,crs_8_k10,8,93,0 days 00:00:06.766849
nsga2_p20,crs_8_k10,9,62,0 days 00:00:04.396907
nsga2_p20,crs_8_k10,10,93,0 days 00:00:05.585052
nsga2_p20,crs_8_k10,11,57,0 days 00:00:03.339694
nsga2_p20,crs_8_k10,12,98,0 days 00:00:08.122893
nsga2_p20,crs_8_k10,13,84,0 days 00:00:07.031888
nsga2_p20,crs_8_k10,14,73,0 days 00:00:04.242799
nsga2_p20,crs_8_k10,15,53,0 days 00:00:04.170973
nsga2_p20,crs_8_k10,16,119,0 days 00:00:07.615062
nsga2_p20,crs_8_k10,17,57,0 days 00:00:03.929709
nsga2_p20,crs_8_k10,18,66,0 days 00:00:05.032376
nsga2_p20,crs_8_k10,19,66,0 days 00:00:05.045496
nsga2_p20,crs_8_k10,20,82,0 days 00:00:05.880804
nsga2_p20,crs_8_k10,21,84,0 days 00:00:06.885735
nsga2_p20,crs_8_k10,22,111,0 days 00:00:08.508702
nsga2_p20,crs_8_k10,23,79,0 days 00:00:06.768084
nsga2_p20,crs_8_k10,24,64,0 days 00:00:04.876653
nsga2_p20,crs_8_k10,25,73,0 days 00:00:06.266307
nsga2_p20,crs_8_k10,26,41,0 days 00:00:02.360063
nsga2_p20,crs_8_k10,27,46,0 days 00:00:03.365040
nsga2_p20,crs_8_k10,28,38,0 days 00:00:02.589987
nsga2_p20,crs_8_k10,29,131,0 days 00:00:09.292299
nsga2_p20,crs_8_k10,30,62,0 days 00:00:04.309722
nsga2_p20,crs_8_k25,1,55,0 days 00:00:04.715383
nsga2_p20,crs_8_k25,2,119,0 days 00:00:10.236405
nsga2_p20,crs_8_k25,3,75,0 days 00:00:04.815383
nsga2_p20,crs_8_k25,4,56,0 days 00:00:04.395955
nsga2_p20,crs_8_k25,5,93,0 days 00:00:06.814660
nsga2_p20,crs_8_k25,6,56,0 days 00:00:04.253199
nsga2_p20,crs_8_k25,7,74,0 days 00:00:05.390131
nsga2_p20,crs_8_k25,8,64,0 days 00:00:04.614408
nsga2_p20,crs_8_k25,9,46,0 days 00:00:03.120236
nsga2_p20,crs_8_k25,10,102,0 days 00:00:07.179509
nsga2_p20,crs_8_k25,11,137,0 days 00:00:12.514633
nsga2_p20,crs_8_k25,12,56,0 days 00:00:04.928134
nsga2_p20,crs_8_k25,13,50,0 days 00:00:03.469155
nsga2_p20,crs_8_k25,14,39,0 days 00:00:02.561319
nsga2_p20,crs_8_k25,15,69,0 days 00:00:05.484317
nsga2_p20,crs_8_k25,16,70,0 days 00:00:04.684219
nsga2_p20,crs_8_k25,17,42,0 days 00:00:02.753158
nsga2_p20,crs_8_k25,18,93,0 days 00:00:07.076347
nsga2_p20,crs_8_k25,19,62,0 days 00:00:05.225177
nsga2_p20,crs_8_k25,20,33,0 days 00:00:02.688824
nsga2_p20,crs_8_k25,21,58,0 days 00:00:04.954580
nsga2_p20,crs_8_k25,22,63,0 days 00:00:04.975763
nsga2_p20,crs_8_k25,23,93,0 days 00:00:06.974669
nsga2_p20,crs_8_k25,24,44,0 days 00:00:03.539816
nsga2_p20,crs_8_k25,25,40,0 days 00:00:02.281366
nsga2_p20,crs_8_k25,26,36,0 days 00:00:02.797520
nsga2_p20,crs_8_k25,27,85,0 days 00:00:06.024533
nsga2_p20,crs_8_k25,28,50,0 days 00:00:04.268053
nsga2_p20,crs_8_k25,29,134,0 days 00:00:10.228004
nsga2_p20,crs_8_k25,30,40,0 days 00:00:03.339669
nsga2_p20,crs_8_k50,1,34,0 days 00:00:02.895909
nsga2_p20,crs_8_k50,2,47,0 days 00:00:02.941356
nsga2_p20,crs_8_k50,3,62,0 days 00:00:04.318810
nsga2_p20,crs_8_k50,4,46,0 days 00:00:03.045478
nsga2_p20,crs_8_k50,5,33,0 days 00:00:02.205920
nsga2_p20,crs_8_k50,6,94,0 days 00:00:07.502791
nsga2_p20,crs_8_k50,7,70,0 days 00:00:05.946722
nsga2_p20,crs_8_k50,8,40,0 days 00:00:02.380037
nsga2_p20,crs_8_k50,9,45,0 days 00:00:03.352919
nsga2_p20,crs_8_k50,10,59,0 days 00:00:04.180866
nsga2_p20,crs_8_k50,11,33,0 days 00:00:02.529014
nsga2_p20,crs_8_k50,12,73,0 days 00:00:05.760533
nsga2_p20,crs_8_k50,13,134,0 days 00:00:09.896147
nsga2_p20,crs_8_k50,14,82,0 days 00:00:06.115531
nsga2_p20,crs_8_k50,15,40,0 days 00:00:02.847727
nsga2_p20,crs_8_k50,16,62,0 days 00:00:05.070095
nsga2_p20,crs_8_k50,17,59,0 days 00:00:04.900769
nsga2_p20,crs_8_k50,18,53,0 days 00:00:03.649249
nsga2_p20,crs_8_k50,19,70,0 days 00:00:05.373582
nsga2_p20,crs_8_k50,20,45,0 days 00:00:03.456045
nsga2_p20,crs_8_k50,21,56,0 days 00:00:04.169643
nsga2_p20,crs_8_k50,22,45,0 days 00:00:03.352535
nsga2_p20,crs_8_k50,23,33,0 days 00:00:03.062292
nsga2_p20,crs_8_k50,24,46,0 days 00:00:03.052980
nsga2_p20,crs_8_k50,25,73,0 days 00:00:08.110640
nsga2_p20,crs_8_k50,26,51,0 days 00:00:04.836724
nsga2_p20,crs_8_k50,27,67,0 days 00:00:08.226245
nsga2_p20,crs_8_k50,28,54,0 days 00:00:08.355443
nsga2_p20,crs_8_k50,29,72,0 days 00:00:12.417616
nsga2_p20,crs_8_k50,30,58,0 days 00:00:10.739163
nsga2_p20,crs_8_k100,1,54,0 days 00:00:08.798612
nsga2_p20,crs_8_k100,2,75,0 days 00:00:10.522371
nsga2_p20,crs_8_k100,3,103,0 days 00:00:08.552202
nsga2_p20,crs_8_k100,4,107,0 days 00:00:11.175475
nsga2_p20,crs_8_k100,5,99,0 days 00:00:07.621720
nsga2_p20,crs_8_k100,6,68,0 days 00:00:07.200919
nsga2_p20,crs_8_k100,7,46,0 days 00:00:07.230733
nsga2_p20,crs_8_k100,8,58,0 days 00:00:08.253225
nsga2_p20,crs_8_k100,9,40,0 days 00:00:05.031067
nsga2_p20,crs_8_k100,10,72,0 days 00:00:09.001453
nsga2_p20,crs_8_k100,11,104,0 days 00:00:10.736850
nsga2_p20,crs_8_k100,12,63,0 days 00:00:06.501488
nsga2_p20,crs_8_k100,13,92,0 days 00:00:08.312477
nsga2_p20,crs_8_k100,14,34,0 days 00:00:02.602177
nsga2_p20,crs_8_k100,15,39,0 days 00:00:02.149398
nsga2_p20,crs_8_k100,16,89,0 days 00:00:07.469716
nsga2_p20,crs_8_k100,17,33,0 days 00:00:02.324665
nsga2_p20,crs_8_k100,18,53,0 days 00:00:03.377627
nsga2_p20,crs_8_k100,19,60,0 days 00:00:04.439166
nsga2_p20,crs_8_k100,20,61,0 days 00:00:04.943173
nsga2_p20,crs_8_k100,21,47,0 days 00:00:05.001508
nsga2_p20,crs_8_k100,22,75,0 days 00:00:12.225908
nsga2_p20,crs_8_k100,23,32,0 days 00:00:03.417276
nsga2_p20,crs_8_k100,24,149,0 days 00:00:16.716326
nsga2_p20,crs_8_k100,25,56,0 days 00:00:07.584581
nsga2_p20,crs_8_k100,26,37,0 days 00:00:06.304511
nsga2_p20,crs_8_k100,27,83,0 days 00:00:09.955626
nsga2_p20,crs_8_k100,28,39,0 days 00:00:03.499090
nsga2_p20,crs_8_k100,29,59,0 days 00:00:06.425959
nsga2_p20,crs_8_k100,30,33,0 days 00:00:01.876572
nsga2_p20,crs_8_k1000,1,61,0 days 00:00:15.028884
nsga2_p20,crs_8_k1000,2,46,0 days 00:00:14.032255
nsga2_p20,crs_8_k1000,3,73,0 days 00:03:27.374478
nsga2_p20,crs_8_k1000,4,63,0 days 00:03:17.712840
nsga2_p20,crs_8_k1000,5,149,0 days 00:03:14.438371
nsga2_p20,crs_8_k1000,6,54,0 days 00:03:05.492570
nsga2_p20,crs_8_k1000,7,36,0 days 00:00:04.664909
nsga2_p20,crs_8_k1000,8,65,0 days 00:00:07.082973
nsga2_p20,crs_8_k1000,9,32,0 days 00:00:02.864872
nsga2_p20,crs_8_k1000,10,54,0 days 00:00:04.015264
nsga2_p20,crs_8_k1000,11,60,0 days 00:00:03.687046
nsga2_p20,crs_8_k1000,12,39,0 days 00:00:03.085634
nsga2_p20,crs_8_k1000,13,46,0 days 00:00:02.929997
nsga2_p20,crs_8_k1000,14,39,0 days 00:00:02.738043
nsga2_p20,crs_8_k1000,15,54,0 days 00:00:03.386837
nsga2_p20,crs_8_k1000,16,59,0 days 00:00:04.146661
nsga2_p20,crs_8_k1000,17,40,0 days 00:00:03.177675
nsga2_p20,crs_8_k1000,18,33,0 days 00:00:02.516615
nsga2_p20,crs_8_k1000,19,63,0 days 00:00:04.873169
nsga2_p20,crs_8_k1000,20,64,0 days 00:00:04.544980
nsga2_p20,crs_8_k1000,21,84,0 days 00:00:05.957437
nsga2_p20,crs_8_k1000,22,61,0 days 00:00:05.193579
nsga2_p20,crs_8_k1000,23,64,0 days 00:00:04.055869
nsga2_p20,crs_8_k1000,24,39,0 days 00:00:03.098110
nsga2_p20,crs_8_k1000,25,78,0 days 00:00:05.320538
nsga2_p20,crs_8_k1000,26,36,0 days 00:00:02.693817
nsga2_p20,crs_8_k1000,27,32,0 days 00:00:01.894258
nsga2_p20,crs_8_k1000,28,59,0 days 00:00:04.051627
nsga2_p20,crs_8_k1000,29,113,0 days 00:00:07.220853
nsga2_p20,crs_8_k1000,30,76,0 days 00:00:05.151342
nsga2_p20,pd_5_k10,1,1000,0 days 03:41:27.901656
nsga2_p20,pd_5_k10,2,1000,0 days 03:40:54.626865
nsga2_p20,pd_5_k10,3,485,0 days 01:45:38.699096
nsga2_p20,pd_5_k10,4,1000,0 days 03:34:24.006454
nsga2_p20,pd_5_k10,5,1000,0 days 03:37:36.060569
nsga2_p20,pd_5_k10,6,1000,0 days 03:34:26.586904
nsga2_p20,pd_5_k10,7,310,0 days 01:08:33.913091
nsga2_p20,pd_5_k10,8,1000,0 days 03:41:02.535989
nsga2_p20,pd_5_k10,9,820,0 days 03:01:03.250372
nsga2_p20,pd_5_k10,10,800,0 days 02:53:18.520152
nsga2_p20,pd_5_k10,11,555,0 days 02:00:02.231503
nsga2_p20,pd_5_k10,12,300,0 days 01:04:10.867012
nsga2_p20,pd_5_k10,13,260,0 days 00:57:08.924338
nsga2_p20,pd_5_k10,14,600,0 days 02:12:38.756868
nsga2_p20,pd_5_k10,15,265,0 days 00:57:23.958939
nsga2_p20,pd_5_k10,16,175,0 days 00:38:14.178513
nsga2_p20,pd_5_k10,17,1000,0 days 03:34:42.365221
nsga2_p20,pd_5_k10,18,835,0 days 03:00:38.258428
nsga2_p20,pd_5_k10,19,1000,0 days 03:40:14.353679
nsga2_p20,pd_5_k10,20,815,0 days 02:58:21.407775
nsga2_p20,pd_5_k10,21,515,0 days 01:52:26.774520
nsga2_p20,pd_5_k10,22,1000,0 days 03:36:34.689266
nsga2_p20,pd_5_k10,23,1000,0 days 03:42:18.106509
nsga2_p20,pd_5_k10,24,1000,0 days 03:38:11.551825
nsga2_p20,pd_5_k10,25,945,0 days 03:24:28.307722
nsga2_p20,pd_5_k10,26,1000,0 days 03:38:22.952011
nsga2_p20,pd_5_k10,27,670,0 days 02:23:38.475851
nsga2_p20,pd_5_k10,28,470,0 days 01:43:32.166457
nsga2_p20,pd_5_k10,29,1000,0 days 03:37:22.694489
nsga2_p20,pd_5_k10,30,405,0 days 01:29:16.144961
nsga2_p20,pd_5_k25,1,310,0 days 01:08:30.694549
nsga2_p20,pd_5_k25,2,505,0 days 01:48:31.840139
nsga2_p20,pd_5_k25,3,650,0 days 02:21:45.568330
nsga2_p20,pd_5_k25,4,330,0 days 01:11:16.162901
nsga2_p20,pd_5_k25,5,800,0 days 02:56:40.069696
nsga2_p20,pd_5_k25,6,1000,0 days 03:40:50.275188
nsga2_p20,pd_5_k25,7,560,0 days 02:01:51.860683
nsga2_p20,pd_5_k25,8,550,0 days 01:59:41.240830
nsga2_p20,pd_5_k25,9,535,0 days 01:54:24.206079
nsga2_p20,pd_5_k25,10,1000,0 days 03:48:04.930697
nsga2_p20,pd_5_k25,11,425,0 days 01:32:04.079119
nsga2_p20,pd_5_k25,12,295,0 days 01:04:12.867050
nsga2_p20,pd_5_k25,13,600,0 days 02:09:49.720645
nsga2_p20,pd_5_k25,14,470,0 days 01:42:19.947885
nsga2_p20,pd_5_k25,15,915,0 days 03:32:55.011122
nsga2_p20,pd_5_k25,16,410,0 days 01:29:11.260269
nsga2_p20,pd_5_k25,17,880,0 days 03:24:03.907772
nsga2_p20,pd_5_k25,18,610,0 days 02:13:42.735898
nsga2_p20,pd_5_k25,19,650,0 days 02:22:40.535412
nsga2_p20,pd_5_k25,20,1000,0 days 03:50:11.141396
nsga2_p20,pd_5_k25,21,385,0 days 01:23:57.013762
nsga2_p20,pd_5_k25,22,235,0 days 00:50:48.819043
nsga2_p20,pd_5_k25,23,610,0 days 02:13:31.172468
nsga2_p20,pd_5_k25,24,985,0 days 03:47:38.168817
nsga2_p20,pd_5_k25,25,1000,0 days 03:51:03.781764
nsga2_p20,pd_5_k25,26,845,0 days 03:15:58.079105
nsga2_p20,pd_5_k25,27,1000,0 days 03:48:23.971852
nsga2_p20,pd_5_k25,28,1000,0 days 03:49:22.460889
nsga2_p20,pd_5_k25,29,515,0 days 01:52:24.690625
nsga2_p20,pd_5_k25,30,155,0 days 00:33:48.649193
nsga2_p20,pd_5_k50,1,280,0 days 01:00:53.152359
nsga2_p20,pd_5_k50,2,1000,0 days 03:51:47.294526
nsga2_p20,pd_5_k50,3,1000,0 days 03:50:16.654440
nsga2_p20,pd_5_k50,4,525,0 days 01:54:34.310900
nsga2_p20,pd_5_k50,5,300,0 days 01:05:34.969555
nsga2_p20,pd_5_k50,6,1000,0 days 03:54:10.215818
nsga2_p20,pd_5_k50,7,430,0 days 01:34:03.121514
nsga2_p20,pd_5_k50,8,445,0 days 01:37:22.664294
nsga2_p20,pd_5_k50,9,380,0 days 01:23:26.901660
nsga2_p20,pd_5_k50,10,330,0 days 01:11:59.629263
nsga2_p20,pd_5_k50,11,565,0 days 02:03:21.847076
nsga2_p20,pd_5_k50,12,150,0 days 00:33:12.409158
nsga2_p20,pd_5_k50,13,310,0 days 01:08:19.100410
nsga2_p20,pd_5_k50,14,475,0 days 01:44:08.360810
nsga2_p20,pd_5_k50,15,365,0 days 01:20:11.551603
nsga2_p20,pd_5_k50,16,485,0 days 01:46:47.975969
nsga2_p20,pd_5_k50,17,240,0 days 00:52:41.630383
nsga2_p20,pd_5_k50,18,305,0 days 01:07:33.223880
nsga2_p20,pd_5_k50,19,300,0 days 01:06:01.115782
nsga2_p20,pd_5_k50,20,1000,0 days 03:50:01.030493
nsga2_p20,pd_5_k50,21,335,0 days 01:14:12.073119
nsga2_p20,pd_5_k50,22,795,0 days 03:07:42.535337
nsga2_p20,pd_5_k50,23,270,0 days 00:59:43.087879
nsga2_p20,pd_5_k50,24,785,0 days 03:05:40.522151
nsga2_p20,pd_5_k50,25,350,0 days 01:17:54.088700
nsga2_p20,pd_5_k50,26,525,0 days 01:56:16.102367
nsga2_p20,pd_5_k50,27,310,0 days 01:08:54.597380
nsga2_p20,pd_5_k50,28,365,0 days 01:20:18.570010
nsga2_p20,pd_5_k50,29,530,0 days 01:55:02.324995
nsga2_p20,pd_5_k50,30,350,0 days 01:16:02.904342
nsga2_p20,pd_5_k100,1,295,0 days 01:05:46.367707
nsga2_p20,pd_5_k100,2,480,0 days 01:43:08.979345
nsga2_p20,pd_5_k100,3,1000,0 days 03:50:05.252022
nsga2_p20,pd_5_k100,4,270,0 days 00:59:57.260104
nsga2_p20,pd_5_k100,5,175,0 days 00:37:46.768853
nsga2_p20,pd_5_k100,6,335,0 days 01:13:19.714458
nsga2_p20,pd_5_k100,7,500,0 days 01:50:47.050785
nsga2_p20,pd_5_k100,8,440,0 days 01:35:40.777938
nsga2_p20,pd_5_k100,9,370,0 days 01:21:46.085283
nsga2_p20,pd_5_k100,10,575,0 days 02:16:37.829080
nsga2_p20,pd_5_k100,11,195,0 days 00:42:32.343665
nsga2_p20,pd_5_k100,12,220,0 days 00:48:18.731826
nsga2_p20,pd_5_k100,13,425,0 days 01:32:29.765849
nsga2_p20,pd_5_k100,14,415,0 days 01:37:12.610092
nsga2_p20,pd_5_k100,15,505,0 days 02:03:10.080112
nsga2_p20,pd_5_k100,16,455,0 days 01:51:19.803752
nsga2_p20,pd_5_k100,17,180,0 days 00:38:59.635351
nsga2_p20,pd_5_k100,18,340,0 days 01:12:41.916482
nsga2_p20,pd_5_k100,19,465,0 days 01:54:51.463402
nsga2_p20,pd_5_k100,20,1000,0 days 03:59:24.774375
nsga2_p20,pd_5_k100,21,150,0 days 00:32:33.052523
nsga2_p20,pd_5_k100,22,460,0 days 01:52:56.938113
nsga2_p20,pd_5_k100,23,390,0 days 01:37:05.056896
nsga2_p20,pd_5_k100,24,740,0 days 02:56:04.417070
nsga2_p20,pd_5_k100,25,670,0 days 02:37:53.553060
nsga2_p20,pd_5_k100,26,425,0 days 01:43:24.130741
nsga2_p20,pd_5_k100,27,455,0 days 01:51:34.180264
nsga2_p20,pd_5_k100,28,815,0 days 03:12:35.358951
nsga2_p20,pd_5_k100,29,585,0 days 02:18:29.582906
nsga2_p20,pd_5_k100,30,475,0 days 01:55:36.695828
nsga2_p20,pd_5_k1000,1,255,0 days 00:55:59.950793
nsga2_p20,pd_5_k1000,2,145,0 days 00:31:44.741821
nsga2_p20,pd_5_k1000,3,630,0 days 02:31:20.471214
nsga2_p20,pd_5_k1000,4,505,0 days 02:03:49.247816
nsga2_p20,pd_5_k1000,5,495,0 days 01:59:57.070154
nsga2_p20,pd_5_k1000,6,510,0 days 02:04:09.288183
nsga2_p20,pd_5_k1000,7,750,0 days 02:59:46.038993
nsga2_p20,pd_5_k1000,8,755,0 days 02:59:46.592436
nsga2_p20,pd_5_k1000,9,330,0 days 01:25:23.601750
nsga2_p20,pd_5_k1000,10,615,0 days 02:26:48.506238
nsga2_p20,pd_5_k1000,11,235,0 days 00:57:41.540346
nsga2_p20,pd_5_k1000,12,105,0 days 00:22:38.264102
nsga2_p20,pd_5_k1000,13,400,0 days 01:39:14.084078
nsga2_p20,pd_5_k1000,14,350,0 days 01:27:56.588596
nsga2_p20,pd_5_k1000,15,705,0 days 02:45:02.903908
nsga2_p20,pd_5_k1000,16,335,0 days 01:25:15.561125
nsga2_p20,pd_5_k1000,17,495,0 days 01:58:53.435556
nsga2_p20,pd_5_k1000,18,310,0 days 01:19:29.705235
nsga2_p20,pd_5_k1000,19,590,0 days 02:20:17.605068
nsga2_p20,pd_5_k1000,20,625,0 days 02:28:48.255376
nsga2_p20,pd_5_k1000,21,315,0 days 01:20:54.536163
nsga2_p20,pd_5_k1000,22,335,0 days 01:25:01.907879
nsga2_p20,pd_5_k1000,23,560,0 days 02:14:21.984536
nsga2_p20,pd_5_k1000,24,150,0 days 00:45:24.230381
nsga2_p20,pd_5_k1000,25,615,0 days 02:26:54.205213
nsga2_p20,pd_5_k1000,26,295,0 days 01:15:29.676872
nsga2_p20,pd_5_k1000,27,205,0 days 00:56:38.133469
nsga2_p20,pd_5_k1000,28,365,0 days 01:31:25.852348
nsga2_p20,pd_5_k1000,29,310,0 days 01:18:48.919332
nsga2_p20,pd_5_k1000,30,565,0 days 02:16:56.683467
nsga2_p20,zdt1_30_k10,1,250,0 days 00:00:09.264765
nsga2_p20,zdt1_30_k10,2,183,0 days 00:00:06.359610
nsga2_p20,zdt1_30_k10,3,263,0 days 00:00:10.151981
nsga2_p20,zdt1_30_k10,4,183,0 days 00:00:06.731275
nsga2_p20,zdt1_30_k10,5,243,0 days 00:00:09.168703
nsga2_p20,zdt1_30_k10,6,263,0 days 00:00:09.971988
nsga2_p20,zdt1_30_k10,7,205,0 days 00:00:07.235927
nsga2_p20,zdt1_30_k10,8,341,0 days 00:00:13.643310
nsga2_p20,zdt1_30_k10,9,103,0 days 00:00:03.223515
nsga2_p20,zdt1_30_k10,10,175,0 days 00:00:06.541883
nsga2_p20,zdt1_30_k10,11,250,0 days 00:00:09.247017
nsga2_p20,zdt1_30_k10,12,249,0 days 00:00:09.434220
nsga2_p20,zdt1_30_k10,13,261,0 days 00:00:10.048955
nsga2_p20,zdt1_30_k10,14,249,0 days 00:00:10.308737
nsga2_p20,zdt1_30_k10,15,165,0 days 00:00:05.657394
nsga2_p20,zdt1_30_k10,16,255,0 days 00:00:09.628597
nsga2_p20,zdt1_30_k10,17,249,0 days 00:00:09.603639
nsga2_p20,zdt1_30_k10,18,305,0 days 00:00:11.956504
nsga2_p20,zdt1_30_k10,19,303,0 days 00:00:12.570647
nsga2_p20,zdt1_30_k10,20,187,0 days 00:00:06.274762
nsga2_p20,zdt1_30_k10,21,249,0 days 00:00:09.520212
nsga2_p20,zdt1_30_k10,22,265,0 days 00:00:10.059790
nsga2_p20,zdt1_30_k10,23,358,0 days 00:00:15.315962
nsga2_p20,zdt1_30_k10,24,249,0 days 00:00:09.260312
nsga2_p20,zdt1_30_k10,25,362,0 days 00:00:15.037586
nsga2_p20,zdt1_30_k10,26,102,0 days 00:00:03.277686
nsga2_p20,zdt1_30_k10,27,249,0 days 00:00:09.391897
nsga2_p20,zdt1_30_k10,28,275,0 days 00:00:10.888066
nsga2_p20,zdt1_30_k10,29,183,0 days 00:00:06.610876
nsga2_p20,zdt1_30_k10,30,170,0 days 00:00:05.852202
nsga2_p20,zdt1_30_k25,1,305,0 days 00:00:11.979069
nsga2_p20,zdt1_30_k25,2,261,0 days 00:00:10.240951
nsga2_p20,zdt1_30_k25,3,341,0 days 00:00:14.856968
nsga2_p20,zdt1_30_k25,4,341,0 days 00:00:14.391913
nsga2_p20,zdt1_30_k25,5,102,0 days 00:00:03.157228
nsga2_p20,zdt1_30_k25,6,269,0 days 00:00:10.652827
nsga2_p20,zdt1_30_k25,7,183,0 days 00:00:06.378156
nsga2_p20,zdt1_30_k25,8,269,0 days 00:00:10.604535
nsga2_p20,zdt1_30_k25,9,185,0 days 00:00:06.537503
nsga2_p20,zdt1_30_k25,10,325,0 days 00:00:13.446834
nsga2_p20,zdt1_30_k25,11,270,0 days 00:00:10.362914
nsga2_p20,zdt1_30_k25,12,275,0 days 00:00:11.229475
nsga2_p20,zdt1_30_k25,13,194,0 days 00:00:06.742921
nsga2_p20,zdt1_30_k25,14,170,0 days 00:00:05.717326
nsga2_p20,zdt1_30_k25,15,305,0 days 00:00:12.267405
nsga2_p20,zdt1_30_k25,16,209,0 days 00:00:07.893337
nsga2_p20,zdt1_30_k25,17,249,0 days 00:00:09.517179
nsga2_p20,zdt1_30_k25,18,259,0 days 00:00:09.929862
nsga2_p20,zdt1_30_k25,19,130,0 days 00:00:04.359691
nsga2_p20,zdt1_30_k25,20,249,0 days 00:00:09.547360
nsga2_p20,zdt1_30_k25,21,315,0 days 00:00:13.050387
nsga2_p20,zdt1_30_k25,22,249,0 days 00:00:09.653832
nsga2_p20,zdt1_30_k25,23,398,0 days 00:00:18.153988
nsga2_p20,zdt1_30_k25,24,249,0 days 00:00:09.562358
nsga2_p20,zdt1_30_k25,25,165,0 days 00:00:05.736249
nsga2_p20,zdt1_30_k25,26,175,0 days 00:00:06.233061
nsga2_p20,zdt1_30_k25,27,163,0 days 00:00:05.730996
nsga2_p20,zdt1_30_k25,28,95,0 days 00:00:02.998942
nsga2_p20,zdt1_30_k25,29,265,0 days 00:00:10.689738
nsga2_p20,zdt1_30_k25,30,275,0 days 00:00:10.872383
nsga2_p20,zdt1_30_k50,1,249,0 days 00:00:09.896571
nsga2_p20,zdt1_30_k50,2,382,0 days 00:00:16.773189
nsga2_p20,zdt1_30_k50,3,165,0 days 00:00:05.717926
nsga2_p20,zdt1_30_k50,4,130,0 days 00:00:04.223078
nsga2_p20,zdt1_30_k50,5,255,0 days 00:00:09.674344
nsga2_p20,zdt1_30_k50,6,249,0 days 00:00:09.535603
nsga2_p20,zdt1_30_k50,7,205,0 days 00:00:07.569370
nsga2_p20,zdt1_30_k50,8,249,0 days 00:00:09.421126
nsga2_p20,zdt1_30_k50,9,175,0 days 00:00:06.118384
nsga2_p20,zdt1_30_k50,10,315,0 days 00:00:13.270139
nsga2_p20,zdt1_30_k50,11,270,0 days 00:00:10.656100
nsga2_p20,zdt1_30_k50,12,249,0 days 00:00:09.713683
nsga2_p20,zdt1_30_k50,13,280,0 days 00:00:11.404718
nsga2_p20,zdt1_30_k50,14,372,0 days 00:00:16.544482
nsga2_p20,zdt1_30_k50,15,208,0 days 00:00:08.283140
nsga2_p20,zdt1_30_k50,16,130,0 days 00:00:04.222758
nsga2_p20,zdt1_30_k50,17,210,0 days 00:00:07.657350
nsga2_p20,zdt1_30_k50,18,205,0 days 00:00:07.369795
nsga2_p20,zdt1_30_k50,19,165,0 days 00:00:05.737422
nsga2_p20,zdt1_30_k50,20,375,0 days 00:00:16.455381
nsga2_p20,zdt1_30_k50,21,205,0 days 00:00:07.501302
nsga2_p20,zdt1_30_k50,22,357,0 days 00:00:15.856481
nsga2_p20,zdt1_30_k50,23,341,0 days 00:00:15.251360
nsga2_p20,zdt1_30_k50,24,210,0 days 00:00:07.491938
nsga2_p20,zdt1_30_k50,25,305,0 days 00:00:12.391512
nsga2_p20,zdt1_30_k50,26,265,0 days 00:00:10.570244
nsga2_p20,zdt1_30_k50,27,249,0 days 00:00:10.118961
nsga2_p20,zdt1_30_k50,28,249,0 days 00:00:09.844125
nsga2_p20,zdt1_30_k50,29,273,0 days 00:00:10.245049
nsga2_p20,zdt1_30_k50,30,130,0 days 00:00:04.390594
nsga2_p20,zdt1_30_k100,1,249,0 days 00:00:09.804672
nsga2_p20,zdt1_30_k100,2,266,0 days 00:00:11.010219
nsga2_p20,zdt1_30_k100,3,249,0 days 00:00:09.753289
nsga2_p20,zdt1_30_k100,4,261,0 days 00:00:10.391001
nsga2_p20,zdt1_30_k100,5,249,0 days 00:00:10.122297
nsga2_p20,zdt1_30_k100,6,210,0 days 00:00:07.765948
nsga2_p20,zdt1_30_k100,7,341,0 days 00:00:14.428438
nsga2_p20,zdt1_30_k100,8,165,0 days 00:00:05.792748
nsga2_p20,zdt1_30_k100,9,249,0 days 00:00:09.433646
nsga2_p20,zdt1_30_k100,10,520,0 days 00:00:25.798001
nsga2_p20,zdt1_30_k100,11,170,0 days 00:00:05.693234
nsga2_p20,zdt1_30_k100,12,249,0 days 00:00:09.412777
nsga2_p20,zdt1_30_k100,13,400,0 days 00:00:17.385784
nsga2_p20,zdt1_30_k100,14,280,0 days 00:00:10.879371
nsga2_p20,zdt1_30_k100,15,214,0 days 00:00:08.383418
nsga2_p20,zdt1_30_k100,16,120,0 days 00:00:04.241934
nsga2_p20,zdt1_30_k100,17,249,0 days 00:00:09.455448
nsga2_p20,zdt1_30_k100,18,90,0 days 00:00:02.802107
nsga2_p20,zdt1_30_k100,19,235,0 days 00:00:09.489611
nsga2_p20,zdt1_30_k100,20,202,0 days 00:00:08.130460
nsga2_p20,zdt1_30_k100,21,255,0 days 00:00:09.864105
nsga2_p20,zdt1_30_k100,22,250,0 days 00:00:09.763869
nsga2_p20,zdt1_30_k100,23,175,0 days 00:00:06.160312
nsga2_p20,zdt1_30_k100,24,255,0 days 00:00:09.937913
nsga2_p20,zdt1_30_k100,25,205,0 days 00:00:07.493090
nsga2_p20,zdt1_30_k100,26,255,0 days 00:00:09.979749
nsga2_p20,zdt1_30_k100,27,187,0 days 00:00:06.488906
nsga2_p20,zdt1_30_k100,28,249,0 days 00:00:09.761079
nsga2_p20,zdt1_30_k100,29,451,0 days 00:00:21.578204
nsga2_p20,zdt1_30_k100,30,249,0 days 00:00:09.697521
nsga2_p20,zdt1_30_k1000,1,185,0 days 00:00:06.650915
nsga2_p20,zdt1_30_k1000,2,249,0 days 00:00:09.920949
nsga2_p20,zdt1_30_k1000,3,375,0 days 00:00:16.575755
nsga2_p20,zdt1_30_k1000,4,210,0 days 00:00:07.512492
nsga2_p20,zdt1_30_k1000,5,170,0 days 00:00:05.814460
nsga2_p20,zdt1_30_k1000,6,215,0 days 00:00:07.748726
nsga2_p20,zdt1_30_k1000,7,315,0 days 00:00:13.111774
nsga2_p20,zdt1_30_k1000,8,249,0 days 00:00:09.570427
nsga2_p20,zdt1_30_k1000,9,125,0 days 00:00:04.003976
nsga2_p20,zdt1_30_k1000,10,285,0 days 00:00:11.191607
nsga2_p20,zdt1_30_k1000,11,214,0 days 00:00:07.755290
nsga2_p20,zdt1_30_k1000,12,270,0 days 00:00:10.804717
nsga2_p20,zdt1_30_k1000,13,240,0 days 00:00:09.051753
nsga2_p20,zdt1_30_k1000,14,249,0 days 00:00:09.782121
nsga2_p20,zdt1_30_k1000,15,249,0 days 00:00:09.511407
nsga2_p20,zdt1_30_k1000,16,249,0 days 00:00:09.299967
nsga2_p20,zdt1_30_k1000,17,249,0 days 00:00:10.047637
nsga2_p20,zdt1_30_k1000,18,341,0 days 00:00:14.770930
nsga2_p20,zdt1_30_k1000,19,273,0 days 00:00:10.564118
nsga2_p20,zdt1_30_k1000,20,185,0 days 00:00:06.487360
nsga2_p20,zdt1_30_k1000,21,261,0 days 00:00:10.336319
nsga2_p20,zdt1_30_k1000,22,175,0 days 00:00:06.106531
nsga2_p20,zdt1_30_k1000,23,493,0 days 00:00:24.929951
nsga2_p20,zdt1_30_k1000,24,249,0 days 00:00:09.799263
nsga2_p20,zdt1_30_k1000,25,175,0 days 00:00:06.359096
nsga2_p20,zdt1_30_k1000,26,249,0 days 00:00:09.370000
nsga2_p20,zdt1_30_k1000,27,105,0 days 00:00:03.413209
nsga2_p20,zdt1_30_k1000,28,249,0 days 00:00:09.501095
nsga2_p20,zdt1_30_k1000,29,249,0 days 00:00:09.455446
nsga2_p20,zdt1_30_k1000,30,210,0 days 00:00:07.549898
nsga2_p20,crs_8_a10,1,31,0 days 00:00:15.315034
nsga2_p20,crs_8_a10,2,93,0 days 00:00:49.320193
nsga2_p20,crs_8_a10,3,69,0 days 00:00:36.043893
nsga2_p20,crs_8_a10,4,55,0 days 00:00:30.769126
nsga2_p20,crs_8_a10,5,90,0 days 00:00:46.619853
nsga2_p20,crs_8_a10,6,42,0 days 00:00:23.376492
nsga2_p20,crs_8_a10,7,66,0 days 00:00:37.943607
nsga2_p20,crs_8_a10,8,47,0 days 00:00:27.786754
nsga2_p20,crs_8_a10,9,41,0 days 00:00:37.635749
nsga2_p20,crs_8_a10,10,76,0 days 00:04:24.685684
nsga2_p20,crs_8_a10,11,110,0 days 00:04:43.334625
nsga2_p20,crs_8_a10,12,140,0 days 00:04:56.061197
nsga2_p20,crs_8_a10,13,71,0 days 00:04:21.061442
nsga2_p20,crs_8_a10,14,32,0 days 00:01:32.944860
nsga2_p20,crs_8_a10,15,119,0 days 00:02:30.478918
nsga2_p20,crs_8_a10,16,86,0 days 00:00:49.109560
nsga2_p20,crs_8_a10,17,55,0 days 00:00:26.882925
nsga2_p20,crs_8_a10,18,115,0 days 00:00:58.637518
nsga2_p20,crs_8_a10,19,65,0 days 00:00:32.542635
nsga2_p20,crs_8_a10,20,83,0 days 00:00:38.144648
nsga2_p20,crs_8_a10,21,60,0 days 00:00:32.229497
nsga2_p20,crs_8_a10,22,69,0 days 00:00:31.630959
nsga2_p20,crs_8_a10,23,70,0 days 00:00:35.605771
nsga2_p20,crs_8_a10,24,51,0 days 00:00:30.762368
nsga2_p20,crs_8_a10,25,157,0 days 00:05:11.569440
nsga2_p20,crs_8_a10,26,87,0 days 00:04:38.491871
nsga2_p20,crs_8_a10,27,104,0 days 00:04:49.521530
nsga2_p20,crs_8_a10,28,152,0 days 00:05:10.835212
nsga2_p20,crs_8_a10,29,109,0 days 00:04:45.560389
nsga2_p20,crs_8_a10,30,134,0 days 00:05:00.672788
nsga2_p20,crs_8_a100,2,49,0 days 00:11:21.188824
nsga2_p20,crs_8_a100,4,50,0 days 00:11:34.528506
nsga2_p20,crs_8_a100,6,50,0 days 00:11:28.857765
nsga2_p20,crs_8_a100,7,50,0 days 00:11:37.327266
nsga2_p20,crs_8_a100,8,32,0 days 00:08:28.048746
nsga2_p20,pd_5_a10,1,500,0 days 18:44:07.787654
nsga2_p20,pd_5_a10,2,500,0 days 18:49:20.448707
nsga2_p20,pd_5_a10,3,500,0 days 18:47:10.857374
nsga2_p20,pd_5_a10,4,440,0 days 16:38:51.054119
nsga2_p20,pd_5_a10,5,500,0 days 18:20:24.081944
nsga2_p20,pd_5_a10,6,500,0 days 18:38:44.909752
nsga2_p20,pd_5_a10,7,495,0 days 18:27:24.647295
nsga2_p20,pd_5_a10,8,500,0 days 18:56:17.842601
nsga2_p20,pd_5_a10,9,500,0 days 18:47:20.658222
nsga2_p20,pd_5_a10,10,500,0 days 18:48:04.567239
nsga2_p20,pd_5_a10,11,500,0 days 18:50:59.450039
nsga2_p20,pd_5_a10,12,500,0 days 18:37:31.130613
nsga2_p20,pd_5_a10,13,500,0 days 18:35:17.946174
nsga2_p20,pd_5_a10,14,500,0 days 19:02:11.966157
nsga2_p20,pd_5_a10,15,345,0 days 13:14:38.232528
nsga2_p20,pd_5_a10,16,365,0 days 13:32:51.843670
nsga2_p20,pd_5_a10,17,500,0 days 19:05:46.019078
nsga2_p20,pd_5_a10,18,500,0 days 19:03:09.672677
nsga2_p20,pd_5_a10,19,500,0 days 18:32:25.162006
nsga2_p20,pd_5_a10,20,500,0 days 18:49:07.268097
nsga2_p20,pd_5_a10,21,500,0 days 18:32:55.921917
nsga2_p20,pd_5_a10,22,245,0 days 09:19:31.996451
nsga2_p20,pd_5_a10,23,500,0 days 18:45:57.025624
nsga2_p20,pd_5_a10,24,500,0 days 18:44:07.749489
nsga2_p20,pd_5_a10,25,390,0 days 14:28:33.494493
nsga2_p20,pd_5_a10,26,310,0 days 11:42:58.628070
nsga2_p20,pd_5_a10,27,500,0 days 18:53:01.269825
nsga2_p20,pd_5_a10,28,500,0 days 19:06:49.274000
nsga2_p20,pd_5_a10,29,500,0 days 18:39:29.022775
nsga2_p20,pd_5_a10,30,500,0 days 18:33:20.655012
nsga2_p20,pd_5_a100,1,50,0 days 18:56:34.458113
nsga2_p20,pd_5_a100,2,50,0 days 18:36:07.348511
nsga2_p20,pd_5_a100,3,50,0 days 18:49:01.389961
nsga2_p20,pd_5_a100,4,50,0 days 18:32:20.475847
nsga2_p20,pd_5_a100,5,50,0 days 19:01:14.081697
nsga2_p20,pd_5_a100,6,50,0 days 18:41:45.436841
nsga2_p20,pd_5_a100,7,50,0 days 18:31:00.361656
nsga2_p20,pd_5_a100,8,50,0 days 18:46:26.324945
nsga2_p20,pd_5_a100,9,50,0 days 18:50:01.631872
nsga2_p20,pd_5_a100,10,50,0 days 18:53:45.307515
nsga2_p20,pd_5_a100,11,50,0 days 18:26:49.517857
nsga2_p20,pd_5_a100,12,50,0 days 18:39:07.814988
nsga2_p20,pd_5_a100,13,50,0 days 18:42:09.085542
nsga2_p20,pd_5_a100,14,50,0 days 18:30:23.877965
nsga2_p20,pd_5_a100,15,50,0 days 18:41:15.613676
nsga2_p20,pd_5_a100,16,50,0 days 18:56:40.621215
nsga2_p20,pd_5_a100,17,50,0 days 18:40:39.128839
nsga2_p20,pd_5_a100,18,50,0 days 18:30:18.800419
nsga2_p20,pd_5_a100,19,50,0 days 18:59:31.337351
nsga2_p20,pd_5_a100,20,50,0 days 19:12:16.980241
nsga2_p20,pd_5_a100,21,50,0 days 18:56:19.688364
nsga2_p20,pd_5_a100,22,50,0 days 18:47:23.141081
nsga2_p20,pd_5_a100,23,50,0 days 19:02:04.347870
nsga2_p20,pd_5_a100,24,50,0 days 18:48:56.814604
nsga2_p20,pd_5_a100,25,50,0 days 18:38:37.500239
nsga2_p20,pd_5_a100,26,50,0 days 18:56:46.362867
nsga2_p20,pd_5_a100,27,50,0 days 18:54:20.401040
nsga2_p20,pd_5_a100,28,50,0 days 18:48:56.048252
nsga2_p20,pd_5_a100,29,50,0 days 19:06:12.747578
nsga2_p20,pd_5_a100,30,50,0 days 18:51:08.878998
nsga2_p20,zdt1_30_a10,1,180,0 days 00:00:03.933797
nsga2_p20,zdt1_30_a10,2,195,0 days 00:00:04.659862
nsga2_p20,zdt1_30_a10,3,460,0 days 00:00:28.468394
nsga2_p20,zdt1_30_a10,4,409,0 days 00:00:19.827498
nsga2_p20,zdt1_30_a10,5,200,0 days 00:00:04.636447
nsga2_p20,zdt1_30_a10,6,300,0 days 00:00:10.675443
nsga2_p20,zdt1_30_a10,7,435,0 days 00:00:22.427138
nsga2_p20,zdt1_30_a10,8,390,0 days 00:00:18.045779
nsga2_p20,zdt1_30_a10,9,275,0 days 00:00:08.975426
nsga2_p20,zdt1_30_a10,10,390,0 days 00:00:18.001085
nsga2_p20,zdt1_30_a10,11,425,0 days 00:00:21.436299
nsga2_p20,zdt1_30_a10,12,280,0 days 00:00:10.981387
nsga2_p20,zdt1_30_a10,13,500,0 days 00:00:30.116859
nsga2_p20,zdt1_30_a10,14,455,0 days 00:00:27.320147
nsga2_p20,zdt1_30_a10,15,460,0 days 00:00:26.027793
nsga2_p20,zdt1_30_a10,16,195,0 days 00:00:04.414151
nsga2_p20,zdt1_30_a10,17,300,0 days 00:00:10.746609
nsga2_p20,zdt1_30_a10,18,370,0 days 00:00:16.293084
nsga2_p20,zdt1_30_a10,19,409,0 days 00:00:27.928788
nsga2_p20,zdt1_30_a10,20,300,0 days 00:00:12.358178
nsga2_p20,zdt1_30_a10,21,425,0 days 00:00:21.433294
nsga2_p20,zdt1_30_a10,22,160,0 days 00:00:03.285901
nsga2_p20,zdt1_30_a10,23,390,0 days 00:00:21.347840
nsga2_p20,zdt1_30_a10,24,355,0 days 00:00:17.789204
nsga2_p20,zdt1_30_a10,25,280,0 days 00:00:09.315673
nsga2_p20,zdt1_30_a10,26,215,0 days 00:00:06.245703
nsga2_p20,zdt1_30_a10,27,400,0 days 00:00:22.094461
nsga2_p20,zdt1_30_a10,28,370,0 days 00:00:16.272443
nsga2_p20,zdt1_30_a10,29,240,0 days 00:00:08.102682
nsga2_p20,zdt1_30_a10,30,431,0 days 00:00:26.469491
nsga2_p20,zdt1_30_a100,1,50,0 days 00:00:27.133008
nsga2_p20,zdt1_30_a100,2,50,0 days 00:00:34.682722
nsga2_p20,zdt1_30_a100,3,50,0 days 00:00:34.438653
nsga2_p20,zdt1_30_a100,4,50,0 days 00:00:27.152544
nsga2_p20,zdt1_30_a100,5,50,0 days 00:00:34.772216
nsga2_p20,zdt1_30_a100,6,50,0 days 00:00:27.166161
nsga2_p20,zdt1_30_a100,7,50,0 days 00:00:35.172934
nsga2_p20,zdt1_30_a100,8,50,0 days 00:00:35.434033
nsga2_p20,zdt1_30_a100,9,50,0 days 00:00:27.127302
nsga2_p20,zdt1_30_a100,10,50,0 days 00:00:35.159440
nsga2_p20,zdt1_30_a100,11,50,0 days 00:00:27.178618
nsga2_p20,zdt1_30_a100,12,50,0 days 00:00:35.279423
nsga2_p20,zdt1_30_a100,13,50,0 days 00:00:34.009425
nsga2_p20,zdt1_30_a100,14,50,0 days 00:00:27.054485
nsga2_p20,zdt1_30_a100,15,50,0 days 00:00:34.148520
nsga2_p20,zdt1_30_a100,16,50,0 days 00:00:33.108257
nsga2_p20,zdt1_30_a100,17,50,0 days 00:00:27.183033
nsga2_p20,zdt1_30_a100,18,50,0 days 00:00:34.132214
nsga2_p20,zdt1_30_a100,19,50,0 days 00:00:27.158748
nsga2_p20,zdt1_30_a100,20,50,0 days 00:00:33.167468
nsga2_p20,zdt1_30_a100,21,50,0 days 00:00:34.238626
nsga2_p20,zdt1_30_a100,22,50,0 days 00:00:27.105801
nsga2_p20,zdt1_30_a100,23,50,0 days 00:00:33.264908
nsga2_p20,zdt1_30_a100,24,50,0 days 00:00:27.217734
nsga2_p20,zdt1_30_a100,25,50,0 days 00:00:34.315397
nsga2_p20,zdt1_30_a100,26,50,0 days 00:00:33.668594
nsga2_p20,zdt1_30_a100,27,50,0 days 00:00:27.217359
nsga2_p20,zdt1_30_a100,28,50,0 days 00:00:34.624497
nsga2_p20,zdt1_30_a100,29,50,0 days 00:00:30.983176
nsga2_p20,zdt1_30_a100,30,50,0 days 00:00:27.117829
nsga2_p50,crs_8_k10,1,32,0 days 00:00:03.992617
nsga2_p50,crs_8_k10,2,50,0 days 00:00:06.762513
nsga2_p50,crs_8_k10,3,58,0 days 00:00:08.143954
nsga2_p50,crs_8_k10,4,57,0 days 00:00:08.866536
nsga2_p50,crs_8_k10,5,53,0 days 00:00:07.846040
nsga2_p50,crs_8_k10,6,38,0 days 00:00:05.324720
nsga2_p50,crs_8_k10,7,79,0 days 00:00:12.903385
nsga2_p50,crs_8_k10,8,35,0 days 00:00:04.611923
nsga2_p50,crs_8_k10,9,72,0 days 00:00:09.958438
nsga2_p50,crs_8_k10,10,63,0 days 00:00:09.698971
nsga2_p50,crs_8_k10,11,48,0 days 00:00:06.136424
nsga2_p50,crs_8_k10,12,76,0 days 00:00:11.065233
nsga2_p50,crs_8_k10,13,59,0 days 00:00:08.621419
nsga2_p50,crs_8_k10,14,61,0 days 00:00:08.953687
nsga2_p50,crs_8_k10,15,44,0 days 00:00:06.331827
nsga2_p50,crs_8_k10,16,68,0 days 00:00:09.324957
nsga2_p50,crs_8_k10,17,65,0 days 00:00:09.783946
nsga2_p50,crs_8_k10,18,65,0 days 00:00:10.501414
nsga2_p50,crs_8_k10,19,35,0 days 00:00:04.380190
nsga2_p50,crs_8_k10,20,74,0 days 00:00:11.381159
nsga2_p50,crs_8_k10,21,38,0 days 00:00:04.722793
nsga2_p50,crs_8_k10,22,62,0 days 00:00:09.299618
nsga2_p50,crs_8_k10,23,77,0 days 00:00:10.863810
nsga2_p50,crs_8_k10,24,33,0 days 00:00:04.705009
nsga2_p50,crs_8_k10,25,45,0 days 00:00:06.809954
nsga2_p50,crs_8_k10,26,121,0 days 00:00:20.502232
nsga2_p50,crs_8_k10,27,75,0 days 00:00:10.568186
nsga2_p50,crs_8_k10,28,117,0 days 00:00:19.563662
nsga2_p50,crs_8_k10,29,74,0 days 00:00:10.788404
nsga2_p50,crs_8_k10,30,51,0 days 00:00:07.694916
nsga2_p50,crs_8_k25,1,64,0 days 00:00:08.953913
nsga2_p50,crs_8_k25,2,37,0 days 00:00:05.265193
nsga2_p50,crs_8_k25,3,61,0 days 00:00:08.527971
nsga2_p50,crs_8_k25,4,140,0 days 00:00:23.947528
nsga2_p50,crs_8_k25,5,37,0 days 00:00:04.719778
nsga2_p50,crs_8_k25,6,65,0 days 00:00:09.769313
nsga2_p50,crs_8_k25,7,60,0 days 00:00:08.962450
nsga2_p50,crs_8_k25,8,53,0 days 00:00:08.038074
nsga2_p50,crs_8_k25,9,75,0 days 00:00:11.507146
nsga2_p50,crs_8_k25,10,44,0 days 00:00:05.721924
nsga2_p50,crs_8_k25,11,88,0 days 00:00:13.322279
nsga2_p50,crs_8_k25,12,54,0 days 00:00:08.224099
nsga2_p50,crs_8_k25,13,97,0 days 00:00:15.152771
nsga2_p50,crs_8_k25,14,65,0 days 00:00:09.386967
nsga2_p50,crs_8_k25,15,35,0 days 00:00:05.269081
nsga2_p50,crs_8_k25,16,87,0 days 00:00:13.750354
nsga2_p50,crs_8_k25,17,36,0 days 00:00:04.474894
nsga2_p50,crs_8_k25,18,95,0 days 00:00:15.802825
nsga2_p50,crs_8_k25,19,68,0 days 00:00:09.567812
nsga2_p50,crs_8_k25,20,31,0 days 00:00:04.161124
nsga2_p50,crs_8_k25,21,49,0 days 00:00:06.693409
nsga2_p50,crs_8_k25,22,126,0 days 00:00:21.980375
nsga2_p50,crs_8_k25,23,83,0 days 00:00:12.763308
nsga2_p50,crs_8_k25,24,69,0 days 00:00:09.663456
nsga2_p50,crs_8_k25,25,77,0 days 00:00:12.062080
nsga2_p50,crs_8_k25,26,90,0 days 00:00:13.255233
nsga2_p50,crs_8_k25,27,32,0 days 00:00:05.012421
nsga2_p50,crs_8_k25,28,35,0 days 00:00:04.942766
nsga2_p50,crs_8_k25,29,75,0 days 00:00:11.673813
nsga2_p50,crs_8_k25,30,34,0 days 00:00:04.996451
nsga2_p50,crs_8_k50,1,69,0 days 00:00:11.918040
nsga2_p50,crs_8_k50,2,39,0 days 00:00:05.175468
nsga2_p50,crs_8_k50,3,38,0 days 00:00:07.300413
nsga2_p50,crs_8_k50,4,48,0 days 00:00:11.250600
nsga2_p50,crs_8_k50,5,50,0 days 00:00:15.567372
nsga2_p50,crs_8_k50,6,49,0 days 00:00:27.620537
nsga2_p50,crs_8_k50,7,62,0 days 00:00:40.242826
nsga2_p50,crs_8_k50,8,33,0 days 00:00:25.876538
nsga2_p50,crs_8_k50,9,43,0 days 00:00:19.349104
nsga2_p50,crs_8_k50,10,62,0 days 00:00:22.712489
nsga2_p50,crs_8_k50,11,71,0 days 00:05:01.006254
nsga2_p50,crs_8_k50,12,43,0 days 00:00:14.378401
nsga2_p50,crs_8_k50,13,86,0 days 00:04:44.626442
nsga2_p50,crs_8_k50,14,64,0 days 00:04:39.997882
nsga2_p50,crs_8_k50,15,41,0 days 00:00:07.006049
nsga2_p50,crs_8_k50,16,53,0 days 00:00:07.680650
nsga2_p50,crs_8_k50,17,53,0 days 00:00:08.937813
nsga2_p50,crs_8_k50,18,85,0 days 00:00:15.277290
nsga2_p50,crs_8_k50,19,38,0 days 00:00:05.044912
nsga2_p50,crs_8_k50,20,42,0 days 00:00:06.901280
nsga2_p50,crs_8_k50,21,83,0 days 00:00:12.428968
nsga2_p50,crs_8_k50,22,88,0 days 00:00:14.685871
nsga2_p50,crs_8_k50,23,39,0 days 00:00:05.937444
nsga2_p50,crs_8_k50,24,45,0 days 00:00:06.706463
nsga2_p50,crs_8_k50,25,89,0 days 00:00:13.210600
nsga2_p50,crs_8_k50,26,58,0 days 00:00:08.584819
nsga2_p50,crs_8_k50,27,59,0 days 00:00:09.136145
nsga2_p50,crs_8_k50,28,78,0 days 00:00:11.679988
nsga2_p50,crs_8_k50,29,78,0 days 00:00:12.861012
nsga2_p50,crs_8_k50,30,107,0 days 00:00:18.337640
nsga2_p50,crs_8_k100,1,113,0 days 00:00:20.025607
nsga2_p50,crs_8_k100,2,34,0 days 00:00:04.771858
nsga2_p50,crs_8_k100,3,47,0 days 00:00:07.626718
nsga2_p50,crs_8_k100,4,35,0 days 00:00:05.611240
nsga2_p50,crs_8_k100,5,70,0 days 00:00:11.018412
nsga2_p50,crs_8_k100,6,34,0 days 00:00:05.111931
nsga2_p50,crs_8_k100,7,49,0 days 00:00:06.328677
nsga2_p50,crs_8_k100,8,35,0 days 00:00:05.387520
nsga2_p50,crs_8_k100,9,75,0 days 00:00:12.525036
nsga2_p50,crs_8_k100,10,126,0 days 00:00:23.299712
nsga2_p50,crs_8_k100,11,40,0 days 00:00:05.964531
nsga2_p50,crs_8_k100,12,111,0 days 00:00:17.636199
nsga2_p50,crs_8_k100,13,35,0 days 00:00:05.222143
nsga2_p50,crs_8_k100,14,90,0 days 00:00:14.974082
nsga2_p50,crs_8_k100,15,49,0 days 00:00:07.706907
nsga2_p50,crs_8_k100,16,66,0 days 00:00:09.555325
nsga2_p50,crs_8_k100,17,70,0 days 00:00:11.140564
nsga2_p50,crs_8_k100,18,42,0 days 00:00:05.882793
nsga2_p50,crs_8_k100,19,80,0 days 00:00:13.408983
nsga2_p50,crs_8_k100,20,44,0 days 00:00:06.508336
nsga2_p50,crs_8_k100,21,67,0 days 00:00:10.373891
nsga2_p50,crs_8_k100,22,32,0 days 00:00:04.905866
nsga2_p50,crs_8_k100,23,48,0 days 00:00:06.786508
nsga2_p50,crs_8_k100,24,76,0 days 00:00:12.228720
nsga2_p50,crs_8_k100,25,77,0 days 00:00:11.411566
nsga2_p50,crs_8_k100,26,74,0 days 00:00:10.325917
nsga2_p50,crs_8_k100,27,74,0 days 00:00:10.789495
nsga2_p50,crs_8_k100,28,62,0 days 00:00:09.582413
nsga2_p50,crs_8_k100,29,45,0 days 00:00:06.632012
nsga2_p50,crs_8_k100,30,38,0 days 00:00:05.259376
nsga2_p50,crs_8_k1000,1,66,0 days 00:00:10.355152
nsga2_p50,crs_8_k1000,2,49,0 days 00:00:07.835257
nsga2_p50,crs_8_k1000,3,95,0 days 00:00:14.939233
nsga2_p50,crs_8_k1000,4,51,0 days 00:00:07.869576
nsga2_p50,crs_8_k1000,5,110,0 days 00:00:19.170193
nsga2_p50,crs_8_k1000,6,52,0 days 00:00:08.588926
nsga2_p50,crs_8_k1000,7,63,0 days 00:00:09.997382
nsga2_p50,crs_8_k1000,8,44,0 days 00:00:06.549373
nsga2_p50,crs_8_k1000,9,90,0 days 00:00:15.045538
nsga2_p50,crs_8_k1000,10,155,0 days 00:00:32.100728
nsga2_p50,crs_8_k1000,11,57,0 days 00:00:08.078302
nsga2_p50,crs_8_k1000,12,76,0 days 00:00:14.781187
nsga2_p50,crs_8_k1000,13,134,0 days 00:00:29.934094
nsga2_p50,crs_8_k1000,14,63,0 days 00:00:13.935102
nsga2_p50,crs_8_k1000,15,134,0 days 00:01:03.040659
nsga2_p50,crs_8_k1000,16,95,0 days 00:00:27.557745
nsga2_p50,crs_8_k1000,17,118,0 days 00:05:33.257309
nsga2_p50,crs_8_k1000,18,47,0 days 00:05:10.189814
nsga2_p50,crs_8_k1000,19,32,0 days 00:04:32.792185
nsga2_p50,crs_8_k1000,20,41,0 days 00:00:06.803260
nsga2_p50,crs_8_k1000,21,38,0 days 00:00:06.697671
nsga2_p50,crs_8_k1000,22,37,0 days 00:00:06.842453
nsga2_p50,crs_8_k1000,23,84,0 days 00:00:13.841137
nsga2_p50,crs_8_k1000,24,48,0 days 00:00:07.015155
nsga2_p50,crs_8_k1000,25,49,0 days 00:00:07.646495
nsga2_p50,crs_8_k1000,26,64,0 days 00:00:09.729281
nsga2_p50,crs_8_k1000,27,65,0 days 00:00:10.244225
nsga2_p50,crs_8_k1000,28,50,0 days 00:00:07.612579
nsga2_p50,crs_8_k1000,29,36,0 days 00:00:05.209636
nsga2_p50,crs_8_k1000,30,85,0 days 00:00:22.468423
nsga2_p50,pd_5_k10,1,225,0 days 02:26:11.316753
nsga2_p50,pd_5_k10,2,145,0 days 01:38:42.895939
nsga2_p50,pd_5_k10,3,140,0 days 01:35:26.040450
nsga2_p50,pd_5_k10,4,395,0 days 04:15:17.066404
nsga2_p50,pd_5_k10,5,185,0 days 02:05:42.041472
nsga2_p50,pd_5_k10,6,165,0 days 01:51:30.139033
nsga2_p50,pd_5_k10,7,145,0 days 01:34:21.949579
nsga2_p50,pd_5_k10,8,170,0 days 01:50:36.283553
nsga2_p50,pd_5_k10,9,440,0 days 04:50:35.367737
nsga2_p50,pd_5_k10,10,200,0 days 02:11:43.122250
nsga2_p50,pd_5_k10,11,115,0 days 01:13:37.327593
nsga2_p50,pd_5_k10,12,240,0 days 02:35:46.751762
nsga2_p50,pd_5_k10,13,190,0 days 02:02:26.348350
nsga2_p50,pd_5_k10,14,220,0 days 02:26:11.898855
nsga2_p50,pd_5_k10,15,130,0 days 01:25:01.813080
nsga2_p50,pd_5_k10,16,90,0 days 01:00:45.051504
nsga2_p50,pd_5_k10,17,175,0 days 01:57:35.829496
nsga2_p50,pd_5_k10,18,190,0 days 02:06:58.902550
nsga2_p50,pd_5_k10,19,110,0 days 01:14:28.142472
nsga2_p50,pd_5_k10,20,205,0 days 02:20:31.208571
nsga2_p50,pd_5_k10,21,205,0 days 02:18:21.136146
nsga2_p50,pd_5_k10,22,180,0 days 02:03:28.232653
nsga2_p50,pd_5_k10,23,200,0 days 02:18:11.045086
nsga2_p50,pd_5_k10,24,255,0 days 02:53:17.036140
nsga2_p50,pd_5_k10,25,85,0 days 00:58:34.456913
nsga2_p50,pd_5_k10,26,95,0 days 01:07:16.182856
nsga2_p50,pd_5_k10,27,170,0 days 01:55:27.943124
nsga2_p50,pd_5_k10,28,130,0 days 01:33:24.167912
nsga2_p50,pd_5_k10,29,75,0 days 00:48:57.814056
nsga2_p50,pd_5_k10,30,245,0 days 02:49:47.855697
nsga2_p50,pd_5_k25,1,95,0 days 01:07:21.074739
nsga2_p50,pd_5_k25,2,190,0 days 02:16:21.933146
nsga2_p50,pd_5_k25,3,130,0 days 01:30:00.204315
nsga2_p50,pd_5_k25,4,95,0 days 01:04:08.117836
nsga2_p50,pd_5_k25,5,180,0 days 02:01:56.592769
nsga2_p50,pd_5_k25,6,135,0 days 01:37:17.531943
nsga2_p50,pd_5_k25,7,125,0 days 01:24:42.075673
nsga2_p50,pd_5_k25,8,190,0 days 02:14:51.745430
nsga2_p50,pd_5_k25,9,115,0 days 01:18:24.613842
nsga2_p50,pd_5_k25,10,180,0 days 02:03:24.745069
nsga2_p50,pd_5_k25,11,175,0 days 02:02:08.054660
nsga2_p50,pd_5_k25,12,95,0 days 01:06:44.111899
nsga2_p50,pd_5_k25,13,120,0 days 01:25:51.873353
nsga2_p50,pd_5_k25,14,175,0 days 01:59:07.775322
nsga2_p50,pd_5_k25,15,225,0 days 02:41:08.275171
nsga2_p50,pd_5_k25,16,200,0 days 02:22:21.105966
nsga2_p50,pd_5_k25,17,195,0 days 02:20:24.376644
nsga2_p50,pd_5_k25,18,225,0 days 02:34:45.787202
nsga2_p50,pd_5_k25,19,140,0 days 01:39:13.040323
nsga2_p50,pd_5_k25,20,155,0 days 01:49:13.367566
nsga2_p50,pd_5_k25,21,145,0 days 01:41:21.192528
nsga2_p50,pd_5_k25,22,100,0 days 01:11:21.357465
nsga2_p50,pd_5_k25,23,160,0 days 01:52:31.290911
nsga2_p50,pd_5_k25,24,105,0 days 01:12:37.884768
nsga2_p50,pd_5_k25,25,145,0 days 01:40:22.923925
nsga2_p50,pd_5_k25,26,120,0 days 01:23:40.225444
nsga2_p50,pd_5_k25,27,145,0 days 01:39:14.331576
nsga2_p50,pd_5_k25,28,110,0 days 01:15:43.691392
nsga2_p50,pd_5_k25,29,95,0 days 01:05:36.782319
nsga2_p50,pd_5_k25,30,185,0 days 02:05:47.395004
nsga2_p50,pd_5_k50,1,110,0 days 01:15:43.172106
nsga2_p50,pd_5_k50,2,105,0 days 01:11:57.809464
nsga2_p50,pd_5_k50,3,165,0 days 01:52:13.938074
nsga2_p50,pd_5_k50,4,235,0 days 02:38:23.426598
nsga2_p50,pd_5_k50,5,350,0 days 03:51:50.195345
nsga2_p50,pd_5_k50,6,140,0 days 01:35:24.240823
nsga2_p50,pd_5_k50,7,220,0 days 02:28:53.450551
nsga2_p50,pd_5_k50,8,270,0 days 03:01:36.962775
nsga2_p50,pd_5_k50,9,95,0 days 01:06:13.949309
nsga2_p50,pd_5_k50,10,205,0 days 02:17:45.334298
nsga2_p50,pd_5_k50,11,180,0 days 01:59:49.986525
nsga2_p50,pd_5_k50,12,125,0 days 01:24:25.359812
nsga2_p50,pd_5_k50,13,225,0 days 02:34:42.589636
nsga2_p50,pd_5_k50,14,110,0 days 01:15:04.446122
nsga2_p50,pd_5_k50,15,185,0 days 02:02:53.704315
nsga2_p50,pd_5_k50,16,205,0 days 02:16:04.773191
nsga2_p50,pd_5_k50,17,165,0 days 01:50:13.470678
nsga2_p50,pd_5_k50,18,230,0 days 02:33:40.589065
nsga2_p50,pd_5_k50,19,145,0 days 01:37:42.757750
nsga2_p50,pd_5_k50,20,150,0 days 01:39:10.047641
nsga2_p50,pd_5_k50,21,300,0 days 03:19:18.563569
nsga2_p50,pd_5_k50,22,175,0 days 01:56:05.303952
nsga2_p50,pd_5_k50,23,125,0 days 01:24:49.339427
nsga2_p50,pd_5_k50,24,130,0 days 01:27:49.144372
nsga2_p50,pd_5_k50,25,195,0 days 02:11:31.990657
nsga2_p50,pd_5_k50,26,125,0 days 01:22:49.409451
nsga2_p50,pd_5_k50,27,180,0 days 01:58:51.757866
nsga2_p50,pd_5_k50,28,185,0 days 02:02:55.397086
nsga2_p50,pd_5_k50,29,165,0 days 01:49:45.984487
nsga2_p50,pd_5_k50,30,165,0 days 01:49:01.288308
nsga2_p50,pd_5_k100,1,175,0 days 01:55:47.040793
nsga2_p50,pd_5_k100,2,165,0 days 01:50:08.572186
nsga2_p50,pd_5_k100,3,140,0 days 01:32:49.566665
nsga2_p50,pd_5_k100,4,90,0 days 01:00:02.641386
nsga2_p50,pd_5_k100,5,185,0 days 02:02:07.106332
nsga2_p50,pd_5_k100,6,195,0 days 02:09:14.454393
nsga2_p50,pd_5_k100,7,145,0 days 01:35:10.488577
nsga2_p50,pd_5_k100,8,170,0 days 01:52:24.245430
nsga2_p50,pd_5_k100,9,120,0 days 01:19:03.170714
nsga2_p50,pd_5_k100,10,190,0 days 02:08:14.952884
nsga2_p50,pd_5_k100,11,215,0 days 02:22:32.175303
nsga2_p50,pd_5_k100,12,195,0 days 02:10:47.882707
nsga2_p50,pd_5_k100,13,115,0 days 01:16:29.746678
nsga2_p50,pd_5_k100,14,120,0 days 01:20:13.730645
nsga2_p50,pd_5_k100,15,270,0 days 02:57:06.289147
nsga2_p50,pd_5_k100,16,215,0 days 02:24:19.455085
nsga2_p50,pd_5_k100,17,305,0 days 03:20:27.510522
nsga2_p50,pd_5_k100,18,135,0 days 01:28:00.959616
nsga2_p50,pd_5_k100,19,165,0 days 01:49:11.466033
nsga2_p50,pd_5_k100,20,135,0 days 01:29:04.762298
nsga2_p50,pd_5_k100,21,220,0 days 02:25:34.812713
nsga2_p50,pd_5_k100,22,150,0 days 01:40:36.352638
nsga2_p50,pd_5_k100,23,80,0 days 00:53:10.192804
nsga2_p50,pd_5_k100,24,225,0 days 02:28:31.617950
nsga2_p50,pd_5_k100,25,205,0 days 02:17:51.205092
nsga2_p50,pd_5_k100,26,215,0 days 02:21:20.693311
nsga2_p50,pd_5_k100,27,110,0 days 01:12:16.047865
nsga2_p50,pd_5_k100,28,145,0 days 01:37:06.569671
nsga2_p50,pd_5_k100,29,145,0 days 01:35:58.496597
nsga2_p50,pd_5_k100,30,135,0 days 01:30:50.897731
nsga2_p50,pd_5_k1000,1,155,0 days 01:44:23.946564
nsga2_p50,pd_5_k1000,2,95,0 days 01:02:25.195085
nsga2_p50,pd_5_k1000,3,105,0 days 01:09:21.312417
nsga2_p50,pd_5_k1000,4,115,0 days 01:17:00.910685
nsga2_p50,pd_5_k1000,5,105,0 days 01:10:32.089541
nsga2_p50,pd_5_k1000,6,260,0 days 02:50:48.310186
nsga2_p50,pd_5_k1000,7,160,0 days 01:45:57.933455
nsga2_p50,pd_5_k1000,8,125,0 days 01:22:58.287989
nsga2_p50,pd_5_k1000,9,170,0 days 01:53:11.756918
nsga2_p50,pd_5_k1000,10,120,0 days 01:19:51.668140
nsga2_p50,pd_5_k1000,11,155,0 days 01:43:42.567080
nsga2_p50,pd_5_k1000,12,220,0 days 02:23:30.217846
nsga2_p50,pd_5_k1000,13,130,0 days 01:26:38.244154
nsga2_p50,pd_5_k1000,14,245,0 days 02:41:56.778629
nsga2_p50,pd_5_k1000,15,275,0 days 03:01:03.041984
nsga2_p50,pd_5_k1000,16,105,0 days 01:11:07.972965
nsga2_p50,pd_5_k1000,17,265,0 days 02:51:47.059719
nsga2_p50,pd_5_k1000,18,125,0 days 01:21:55.182406
nsga2_p50,pd_5_k1000,19,230,0 days 02:33:04.978694
nsga2_p50,pd_5_k1000,20,145,0 days 01:35:52.193226
nsga2_p50,pd_5_k1000,21,190,0 days 02:05:38.639700
nsga2_p50,pd_5_k1000,22,225,0 days 02:27:27.433895
nsga2_p50,pd_5_k1000,23,220,0 days 02:23:54.365021
nsga2_p50,pd_5_k1000,24,130,0 days 01:26:55.710012
nsga2_p50,pd_5_k1000,25,140,0 days 01:32:59.782138
nsga2_p50,pd_5_k1000,26,295,0 days 03:13:16.563121
nsga2_p50,pd_5_k1000,27,200,0 days 02:10:23.298666
nsga2_p50,pd_5_k1000,28,110,0 days 01:13:17.044261
nsga2_p50,pd_5_k1000,29,195,0 days 02:07:29.072129
nsga2_p50,pd_5_k1000,30,100,0 days 01:06:24.356095
nsga2_p50,zdt1_30_k10,1,165,0 days 00:00:18.213585
nsga2_p50,zdt1_30_k10,2,179,0 days 00:00:20.829909
nsga2_p50,zdt1_30_k10,3,203,0 days 00:00:25.457014
nsga2_p50,zdt1_30_k10,4,385,0 days 00:01:21.352970
nsga2_p50,zdt1_30_k10,5,254,0 days 00:00:36.383130
nsga2_p50,zdt1_30_k10,6,216,0 days 00:00:29.080458
nsga2_p50,zdt1_30_k10,7,215,0 days 00:00:27.683032
nsga2_p50,zdt1_30_k10,8,203,0 days 00:00:26.284742
nsga2_p50,zdt1_30_k10,9,344,0 days 00:01:07.977317
nsga2_p50,zdt1_30_k10,10,285,0 days 00:00:47.253198
nsga2_p50,zdt1_30_k10,11,251,0 days 00:00:37.920211
nsga2_p50,zdt1_30_k10,12,399,0 days 00:01:22.833113
nsga2_p50,zdt1_30_k10,13,215,0 days 00:00:31.539286
nsga2_p50,zdt1_30_k10,14,262,0 days 00:00:38.391144
nsga2_p50,zdt1_30_k10,15,175,0 days 00:00:20.718113
nsga2_p50,zdt1_30_k10,16,419,0 days 00:01:38.724493
nsga2_p50,zdt1_30_k10,17,280,0 days 00:00:44.136028
nsga2_p50,zdt1_30_k10,18,251,0 days 00:00:37.259975
nsga2_p50,zdt1_30_k10,19,251,0 days 00:00:38.547618
nsga2_p50,zdt1_30_k10,20,225,0 days 00:00:28.999847
nsga2_p50,zdt1_30_k10,21,220,0 days 00:00:30.202888
nsga2_p50,zdt1_30_k10,22,215,0 days 00:00:28.800785
nsga2_p50,zdt1_30_k10,23,215,0 days 00:00:27.885256
nsga2_p50,zdt1_30_k10,24,141,0 days 00:00:14.106606
nsga2_p50,zdt1_30_k10,25,205,0 days 00:00:25.857731
nsga2_p50,zdt1_30_k10,26,399,0 days 00:01:34.504851
nsga2_p50,zdt1_30_k10,27,251,0 days 00:00:33.799492
nsga2_p50,zdt1_30_k10,28,439,0 days 00:01:47.396802
nsga2_p50,zdt1_30_k10,29,253,0 days 00:00:36.484334
nsga2_p50,zdt1_30_k10,30,261,0 days 00:00:42.643791
nsga2_p50,zdt1_30_k25,1,290,0 days 00:00:46.141287
nsga2_p50,zdt1_30_k25,2,290,0 days 00:00:45.199003
nsga2_p50,zdt1_30_k25,3,419,0 days 00:01:34.804503
nsga2_p50,zdt1_30_k25,4,325,0 days 00:00:56.324059
nsga2_p50,zdt1_30_k25,5,251,0 days 00:00:37.967310
nsga2_p50,zdt1_30_k25,6,255,0 days 00:00:36.294173
nsga2_p50,zdt1_30_k25,7,255,0 days 00:00:35.990766
nsga2_p50,zdt1_30_k25,8,205,0 days 00:00:24.185989
nsga2_p50,zdt1_30_k25,9,120,0 days 00:00:12.497155
nsga2_p50,zdt1_30_k25,10,120,0 days 00:00:12.072089
nsga2_p50,zdt1_30_k25,11,390,0 days 00:01:29.090817
nsga2_p50,zdt1_30_k25,12,425,0 days 00:01:48.398375
nsga2_p50,zdt1_30_k25,13,290,0 days 00:00:43.463582
nsga2_p50,zdt1_30_k25,14,206,0 days 00:00:27.579735
nsga2_p50,zdt1_30_k25,15,225,0 days 00:00:29.829237
nsga2_p50,zdt1_30_k25,16,205,0 days 00:00:26.160573
nsga2_p50,zdt1_30_k25,17,315,0 days 00:00:56.742220
nsga2_p50,zdt1_30_k25,18,251,0 days 00:00:38.443902
nsga2_p50,zdt1_30_k25,19,213,0 days 00:00:30.206035
nsga2_p50,zdt1_30_k25,20,251,0 days 00:00:36.572029
nsga2_p50,zdt1_30_k25,21,248,0 days 00:00:35.289712
nsga2_p50,zdt1_30_k25,22,305,0 days 00:00:51.744665
nsga2_p50,zdt1_30_k25,23,215,0 days 00:00:30.022620
nsga2_p50,zdt1_30_k25,24,271,0 days 00:00:39.740321
nsga2_p50,zdt1_30_k25,25,167,0 days 00:00:19.616746
nsga2_p50,zdt1_30_k25,26,251,0 days 00:00:41.435326
nsga2_p50,zdt1_30_k25,27,345,0 days 00:01:13.444322
nsga2_p50,zdt1_30_k25,28,255,0 days 00:00:39.891746
nsga2_p50,zdt1_30_k25,29,262,0 days 00:00:40.045388
nsga2_p50,zdt1_30_k25,30,251,0 days 00:00:35.271974
nsga2_p50,zdt1_30_k50,1,383,0 days 00:01:30.199883
nsga2_p50,zdt1_30_k50,2,221,0 days 00:00:33.024189
nsga2_p50,zdt1_30_k50,3,262,0 days 00:00:37.882973
nsga2_p50,zdt1_30_k50,4,286,0 days 00:00:48.902597
nsga2_p50,zdt1_30_k50,5,383,0 days 00:01:24.944657
nsga2_p50,zdt1_30_k50,6,290,0 days 00:00:49.373797
nsga2_p50,zdt1_30_k50,7,255,0 days 00:00:37.435916
nsga2_p50,zdt1_30_k50,8,215,0 days 00:00:31.385244
nsga2_p50,zdt1_30_k50,9,345,0 days 00:01:06.634719
nsga2_p50,zdt1_30_k50,10,251,0 days 00:00:37.870805
nsga2_p50,zdt1_30_k50,11,215,0 days 00:00:27.477877
nsga2_p50,zdt1_30_k50,12,216,0 days 00:00:27.109604
nsga2_p50,zdt1_30_k50,13,290,0 days 00:00:57.171922
nsga2_p50,zdt1_30_k50,14,251,0 days 00:00:41.402593
nsga2_p50,zdt1_30_k50,15,290,0 days 00:00:56.081853
nsga2_p50,zdt1_30_k50,16,437,0 days 00:01:52.103081
nsga2_p50,zdt1_30_k50,17,302,0 days 00:00:58.432115
nsga2_p50,zdt1_30_k50,18,255,0 days 00:00:36.711493
nsga2_p50,zdt1_30_k50,19,280,0 days 00:00:43.981726
nsga2_p50,zdt1_30_k50,20,495,0 days 00:02:16.212668
nsga2_p50,zdt1_30_k50,21,215,0 days 00:00:30.814415
nsga2_p50,zdt1_30_k50,22,265,0 days 00:00:43.775936
nsga2_p50,zdt1_30_k50,23,405,0 days 00:01:31.078295
nsga2_p50,zdt1_30_k50,24,215,0 days 00:00:29.310972
nsga2_p50,zdt1_30_k50,25,405,0 days 00:01:44.430225
nsga2_p50,zdt1_30_k50,26,205,0 days 00:00:25.538506
nsga2_p50,zdt1_30_k50,27,300,0 days 00:00:53.951845
nsga2_p50,zdt1_30_k50,28,400,0 days 00:01:33.004160
nsga2_p50,zdt1_30_k50,29,180,0 days 00:00:23.675732
nsga2_p50,zdt1_30_k50,30,215,0 days 00:00:31.417490
nsga2_p50,zdt1_30_k100,1,203,0 days 00:00:27.728552
nsga2_p50,zdt1_30_k100,2,221,0 days 00:00:29.818225
nsga2_p50,zdt1_30_k100,3,215,0 days 00:00:31.373818
nsga2_p50,zdt1_30_k100,4,199,0 days 00:00:23.529498
nsga2_p50,zdt1_30_k100,5,155,0 days 00:00:19.458211
nsga2_p50,zdt1_30_k100,6,400,0 days 00:01:36.401910
nsga2_p50,zdt1_30_k100,7,385,0 days 00:01:35.526881
nsga2_p50,zdt1_30_k100,8,340,0 days 00:01:02.086904
nsga2_p50,zdt1_30_k100,9,255,0 days 00:00:38.996821
nsga2_p50,zdt1_30_k100,10,380,0 days 00:01:32.018092
nsga2_p50,zdt1_30_k100,11,206,0 days 00:00:30.805637
nsga2_p50,zdt1_30_k100,12,295,0 days 00:00:50.665440
nsga2_p50,zdt1_30_k100,13,165,0 days 00:00:20.020416
nsga2_p50,zdt1_30_k100,14,199,0 days 00:00:24.938764
nsga2_p50,zdt1_30_k100,15,205,0 days 00:00:30.118091
nsga2_p50,zdt1_30_k100,16,401,0 days 00:01:29.871832
nsga2_p50,zdt1_30_k100,17,251,0 days 00:00:35.383851
nsga2_p50,zdt1_30_k100,18,175,0 days 00:00:21.923253
nsga2_p50,zdt1_30_k100,19,190,0 days 00:00:25.544354
nsga2_p50,zdt1_30_k100,20,255,0 days 00:00:36.383827
nsga2_p50,zdt1_30_k100,21,215,0 days 00:00:27.100034
nsga2_p50,zdt1_30_k100,22,383,0 days 00:01:20.878204
nsga2_p50,zdt1_30_k100,23,205,0 days 00:00:24.877659
nsga2_p50,zdt1_30_k100,24,330,0 days 00:01:06.353509
nsga2_p50,zdt1_30_k100,25,155,0 days 00:00:17.485593
nsga2_p50,zdt1_30_k100,26,426,0 days 00:01:56.438571
nsga2_p50,zdt1_30_k100,27,130,0 days 00:00:13.560998
nsga2_p50,zdt1_30_k100,28,399,0 days 00:01:36.634571
nsga2_p50,zdt1_30_k100,29,258,0 days 00:00:38.153167
nsga2_p50,zdt1_30_k100,30,205,0 days 00:00:28.345674
nsga2_p50,zdt1_30_k1000,1,340,0 days 00:01:13.484147
nsga2_p50,zdt1_30_k1000,2,205,0 days 00:00:26.963958
nsga2_p50,zdt1_30_k1000,3,215,0 days 00:00:27.906238
nsga2_p50,zdt1_30_k1000,4,214,0 days 00:00:27.230169
nsga2_p50,zdt1_30_k1000,5,251,0 days 00:00:38.940029
nsga2_p50,zdt1_30_k1000,6,215,0 days 00:00:28.339280
nsga2_p50,zdt1_30_k1000,7,251,0 days 00:00:39.766139
nsga2_p50,zdt1_30_k1000,8,399,0 days 00:01:35.009175
nsga2_p50,zdt1_30_k1000,9,255,0 days 00:00:35.062221
nsga2_p50,zdt1_30_k1000,10,325,0 days 00:00:57.903651
nsga2_p50,zdt1_30_k1000,11,255,0 days 00:00:40.168693
nsga2_p50,zdt1_30_k1000,12,215,0 days 00:00:28.955604
nsga2_p50,zdt1_30_k1000,13,170,0 days 00:00:22.197474
nsga2_p50,zdt1_30_k1000,14,155,0 days 00:00:17.727210
nsga2_p50,zdt1_30_k1000,15,500,0 days 00:02:16.171411
nsga2_p50,zdt1_30_k1000,16,258,0 days 00:00:37.762212
nsga2_p50,zdt1_30_k1000,17,210,0 days 00:00:30.631641
nsga2_p50,zdt1_30_k1000,18,203,0 days 00:00:27.721903
nsga2_p50,zdt1_30_k1000,19,215,0 days 00:00:26.823748
nsga2_p50,zdt1_30_k1000,20,290,0 days 00:00:49.707950
nsga2_p50,zdt1_30_k1000,21,210,0 days 00:00:28.630138
nsga2_p50,zdt1_30_k1000,22,205,0 days 00:00:29.179026
nsga2_p50,zdt1_30_k1000,23,418,0 days 00:01:40.916524
nsga2_p50,zdt1_30_k1000,24,345,0 days 00:01:01.640111
nsga2_p50,zdt1_30_k1000,25,214,0 days 00:00:28.051256
nsga2_p50,zdt1_30_k1000,26,400,0 days 00:01:28.125788
nsga2_p50,zdt1_30_k1000,27,210,0 days 00:00:25.766356
nsga2_p50,zdt1_30_k1000,28,206,0 days 00:00:27.128000
nsga2_p50,zdt1_30_k1000,29,251,0 days 00:00:35.749652
nsga2_p50,zdt1_30_k1000,30,215,0 days 00:00:30.896809
nsga2_p50,crs_8_a10,1,65,0 days 00:05:31.755202
nsga2_p50,crs_8_a10,2,33,0 days 00:02:20.065683
nsga2_p50,crs_8_a10,6,65,0 days 00:05:12.909845
nsga2_p50,crs_8_a10,8,65,0 days 00:07:02.121243
nsga2_p50,crs_8_a10,15,65,0 days 00:05:12.559573
nsga2_p50,crs_8_a10,24,65,0 days 00:05:28.428807
nsga2_p50,crs_8_a100,4,20,0 days 00:16:14.175467
nsga2_p50,crs_8_a100,10,20,0 days 00:18:51.919562
nsga2_p50,pd_5_a10,1,165,0 days 18:18:30.848907
nsga2_p50,pd_5_a10,2,185,0 days 20:34:42.449953
nsga2_p50,pd_5_a10,3,160,0 days 17:43:16.407293
nsga2_p50,pd_5_a10,4,180,0 days 20:15:23.933918
nsga2_p50,pd_5_a10,5,145,0 days 16:11:36.866309
nsga2_p50,pd_5_a10,6,200,0 days 22:16:21.507877
nsga2_p50,pd_5_a10,7,185,0 days 20:26:37.838214
nsga2_p50,pd_5_a10,8,200,0 days 22:11:04.015347
nsga2_p50,pd_5_a10,9,105,0 days 11:38:24.352434
nsga2_p50,pd_5_a10,10,180,0 days 20:05:18.768053
nsga2_p50,pd_5_a10,11,200,0 days 22:17:22.089565
nsga2_p50,pd_5_a10,12,200,0 days 22:24:34.384849
nsga2_p50,pd_5_a10,13,125,0 days 13:43:25.639684
nsga2_p50,pd_5_a10,14,200,0 days 22:06:06.146580
nsga2_p50,pd_5_a10,15,200,0 days 21:53:35.031990
nsga2_p50,pd_5_a10,16,180,0 days 20:21:15.356291
nsga2_p50,pd_5_a10,17,200,0 days 22:08:35.622098
nsga2_p50,pd_5_a10,18,120,0 days 13:13:12.679826
nsga2_p50,pd_5_a10,19,200,0 days 22:04:06.580628
nsga2_p50,pd_5_a10,20,200,0 days 22:22:45.662623
nsga2_p50,pd_5_a10,21,185,0 days 20:27:15.328357
nsga2_p50,pd_5_a10,22,200,0 days 22:06:12.555952
nsga2_p50,pd_5_a10,23,170,0 days 19:08:30.151063
nsga2_p50,pd_5_a10,24,145,0 days 16:07:58.793401
nsga2_p50,pd_5_a10,25,150,0 days 16:36:10.961898
nsga2_p50,pd_5_a10,26,160,0 days 17:59:44.325676
nsga2_p50,pd_5_a10,27,200,0 days 21:58:40.783273
nsga2_p50,pd_5_a10,28,165,0 days 18:19:42.027909
nsga2_p50,pd_5_a10,29,200,0 days 22:05:03.412567
nsga2_p50,pd_5_a10,30,105,0 days 11:31:24.576139
nsga2_p50,pd_5_a100,1,20,0 days 21:58:57.334035
nsga2_p50,pd_5_a100,2,20,0 days 22:15:56.213878
nsga2_p50,pd_5_a100,3,20,0 days 22:25:17.260271
nsga2_p50,pd_5_a100,4,20,0 days 22:16:26.508148
nsga2_p50,pd_5_a100,5,20,0 days 22:00:31.220422
nsga2_p50,pd_5_a100,6,20,0 days 22:02:10.672713
nsga2_p50,pd_5_a100,7,20,0 days 22:27:33.286573
nsga2_p50,pd_5_a100,8,20,0 days 22:20:14.485146
nsga2_p50,pd_5_a100,9,20,0 days 22:09:05.310181
nsga2_p50,pd_5_a100,10,20,0 days 22:06:57.147462
nsga2_p50,pd_5_a100,11,20,0 days 22:03:15.517522
nsga2_p50,pd_5_a100,12,20,0 days 22:15:38.274684
nsga2_p50,pd_5_a100,13,20,0 days 22:02:09.362373
nsga2_p50,pd_5_a100,14,20,0 days 21:56:32.916157
nsga2_p50,pd_5_a100,15,20,0 days 22:17:09.355739
nsga2_p50,pd_5_a100,16,20,0 days 22:03:51.446452
nsga2_p50,pd_5_a100,17,20,0 days 22:04:08.363624
nsga2_p50,pd_5_a100,18,20,0 days 21:57:05.842031
nsga2_p50,pd_5_a100,19,20,0 days 21:55:32.808967
nsga2_p50,pd_5_a100,20,20,0 days 21:56:35.397604
nsga2_p50,pd_5_a100,21,20,0 days 21:58:40.421704
nsga2_p50,pd_5_a100,22,20,0 days 21:59:39.455677
nsga2_p50,pd_5_a100,23,20,0 days 21:44:41.278468
nsga2_p50,pd_5_a100,24,20,0 days 21:54:28.994504
nsga2_p50,pd_5_a100,25,20,0 days 21:49:24.782341
nsga2_p50,pd_5_a100,26,20,0 days 21:53:52.354036
nsga2_p50,pd_5_a100,27,20,0 days 21:41:54.811791
nsga2_p50,pd_5_a100,28,20,0 days 21:44:49.390140
nsga2_p50,pd_5_a100,29,20,0 days 21:55:44.850130
nsga2_p50,pd_5_a100,30,20,0 days 21:57:56.513036
nsga2_p50,zdt1_30_a10,1,200,0 days 00:00:16.826872
nsga2_p50,zdt1_30_a10,2,200,0 days 00:00:12.721327
nsga2_p50,zdt1_30_a10,3,200,0 days 00:00:12.545106
nsga2_p50,zdt1_30_a10,4,195,0 days 00:00:12.229645
nsga2_p50,zdt1_30_a10,5,200,0 days 00:00:12.547379
nsga2_p50,zdt1_30_a10,6,200,0 days 00:00:13.078983
nsga2_p50,zdt1_30_a10,7,200,0 days 00:00:13.002857
nsga2_p50,zdt1_30_a10,8,200,0 days 00:00:12.919579
nsga2_p50,zdt1_30_a10,9,140,0 days 00:00:06.564314
nsga2_p50,zdt1_30_a10,10,105,0 days 00:00:03.799555
nsga2_p50,zdt1_30_a10,11,190,0 days 00:00:11.627698
nsga2_p50,zdt1_30_a10,12,200,0 days 00:00:13.027722
nsga2_p50,zdt1_30_a10,13,140,0 days 00:00:06.704662
nsga2_p50,zdt1_30_a10,14,195,0 days 00:00:12.396760
nsga2_p50,zdt1_30_a10,15,130,0 days 00:00:05.499914
nsga2_p50,zdt1_30_a10,16,200,0 days 00:00:12.818342
nsga2_p50,zdt1_30_a10,17,195,0 days 00:00:12.453285
nsga2_p50,zdt1_30_a10,18,200,0 days 00:00:12.846996
nsga2_p50,zdt1_30_a10,19,200,0 days 00:00:13.386082
nsga2_p50,zdt1_30_a10,20,190,0 days 00:00:11.845446
nsga2_p50,zdt1_30_a10,21,115,0 days 00:00:04.765207
nsga2_p50,zdt1_30_a10,22,140,0 days 00:00:06.640201
nsga2_p50,zdt1_30_a10,23,160,0 days 00:00:08.220419
nsga2_p50,zdt1_30_a10,24,200,0 days 00:00:12.990309
nsga2_p50,zdt1_30_a10,25,200,0 days 00:00:13.050163
nsga2_p50,zdt1_30_a10,26,160,0 days 00:00:08.636750
nsga2_p50,zdt1_30_a10,27,200,0 days 00:00:12.890747
nsga2_p50,zdt1_30_a10,28,200,0 days 00:00:13.225132
nsga2_p50,zdt1_30_a10,29,180,0 days 00:00:10.910644
nsga2_p50,zdt1_30_a10,30,200,0 days 00:00:12.709724
nsga2_p50,zdt1_30_a100,1,20,0 days 00:00:11.786883
nsga2_p50,zdt1_30_a100,2,20,0 days 00:00:11.714687
nsga2_p50,zdt1_30_a100,3,20,0 days 00:00:11.877870
nsga2_p50,zdt1_30_a100,4,20,0 days 00:00:11.865388
nsga2_p50,zdt1_30_a100,5,20,0 days 00:00:12.481689
nsga2_p50,zdt1_30_a100,6,20,0 days 00:00:11.632017
nsga2_p50,zdt1_30_a100,7,20,0 days 00:00:12.021580
nsga2_p50,zdt1_30_a100,8,20,0 days 00:00:12.335258
nsga2_p50,zdt1_30_a100,9,20,0 days 00:00:11.825288
nsga2_p50,zdt1_30_a100,10,20,0 days 00:00:11.684480
nsga2_p50,zdt1_30_a100,11,20,0 days 00:00:11.813341
nsga2_p50,zdt1_30_a100,12,20,0 days 00:00:12.168634
nsga2_p50,zdt1_30_a100,13,20,0 days 00:00:11.572969
nsga2_p50,zdt1_30_a100,14,20,0 days 00:00:11.830711
nsga2_p50,zdt1_30_a100,15,20,0 days 00:00:11.738542
nsga2_p50,zdt1_30_a100,16,20,0 days 00:00:11.339550
nsga2_p50,zdt1_30_a100,17,20,0 days 00:00:11.678095
nsga2_p50,zdt1_30_a100,18,20,0 days 00:00:12.022441
nsga2_p50,zdt1_30_a100,19,20,0 days 00:00:11.820827
nsga2_p50,zdt1_30_a100,20,20,0 days 00:00:11.713980
nsga2_p50,zdt1_30_a100,21,20,0 days 00:00:11.804889
nsga2_p50,zdt1_30_a100,22,20,0 days 00:00:11.885644
nsga2_p50,zdt1_30_a100,23,20,0 days 00:00:12.356868
nsga2_p50,zdt1_30_a100,24,20,0 days 00:00:11.616446
nsga2_p50,zdt1_30_a100,25,20,0 days 00:00:11.693144
nsga2_p50,zdt1_30_a100,26,20,0 days 00:00:11.731024
nsga2_p50,zdt1_30_a100,27,20,0 days 00:00:12.518744
nsga2_p50,zdt1_30_a100,28,20,0 days 00:00:11.612085
nsga2_p50,zdt1_30_a100,29,20,0 days 00:00:11.742868
nsga2_p50,zdt1_30_a100,30,20,0 days 00:00:11.646145
nsga2_p20,crs_8_a100,16,50,0 days 00:05:54.367912
nsga2_p50,crs_8_a10,3,59,0 days 00:00:40.832227
nsga2_p50,crs_8_a10,4,59,0 days 00:00:40.183942
nsga2_p50,crs_8_a10,5,49,0 days 00:00:33.947017
nsga2_p50,crs_8_a10,7,114,0 days 00:01:59.679299
nsga2_p50,crs_8_a10,9,49,0 days 00:00:34.681411
nsga2_p50,crs_8_a10,10,49,0 days 00:00:33.493821
nsga2_p50,crs_8_a10,11,59,0 days 00:00:40.817740
nsga2_p50,crs_8_a10,12,99,0 days 00:01:07.153713
nsga2_p50,crs_8_a10,13,49,0 days 00:00:34.707799
nsga2_p50,crs_8_a10,14,63,0 days 00:00:42.257498
nsga2_p50,crs_8_a10,16,49,0 days 00:00:33.850368
nsga2_p50,crs_8_a10,17,59,0 days 00:00:40.110832
nsga2_p50,crs_8_a10,18,49,0 days 00:00:32.849354
nsga2_p50,crs_8_a10,19,49,0 days 00:00:33.919169
nsga2_p50,crs_8_a10,20,59,0 days 00:00:40.572852
nsga2_p50,crs_8_a10,21,59,0 days 00:00:41.202744
nsga2_p50,crs_8_a10,22,59,0 days 00:00:41.114186
nsga2_p50,crs_8_a10,23,49,0 days 00:00:33.536410
nsga2_p50,crs_8_a10,25,49,0 days 00:00:33.764995
nsga2_p50,crs_8_a10,26,49,0 days 00:00:33.986742
nsga2_p50,crs_8_a10,27,59,0 days 00:00:39.812677
nsga2_p50,crs_8_a10,28,49,0 days 00:00:34.521753
nsga2_p50,crs_8_a10,29,59,0 days 00:00:40.718246
nsga2_p50,crs_8_a10,30,59,0 days 00:00:39.931183
nsga2_p50,crs_8_a100,1,20,0 days 00:03:48.574752
nsga2_p50,crs_8_a100,2,20,0 days 00:03:43.825926
nsga2_p50,crs_8_a100,3,20,0 days 00:03:47.611301
nsga2_p50,crs_8_a100,6,20,0 days 00:03:45.189651
nsga2_p50,crs_8_a100,7,20,0 days 00:03:27.394700
nsga2_p50,crs_8_a100,8,20,0 days 00:03:48.743065
nsga2_p50,crs_8_a100,9,20,0 days 00:03:40.299087
nsga2_p50,crs_8_a100,11,20,0 days 00:03:37.217044
nsga2_p50,crs_8_a100,12,20,0 days 00:03:30.700770
nsga2_p50,crs_8_a100,13,20,0 days 00:03:35.695489
nsga2_p50,crs_8_a100,14,20,0 days 00:03:39.529372
nsga2_p50,crs_8_a100,15,20,0 days 00:03:45.624645
nsga2_p50,crs_8_a100,16,20,0 days 00:03:38.695148
nsga2_p50,crs_8_a100,17,20,0 days 00:03:49.970521
nsga2_p50,crs_8_a100,18,20,0 days 00:03:27.946624
nsga2_p50,crs_8_a100,19,20,0 days 00:03:32.501767
nsga2_p50,crs_8_a100,5,20,0 days 00:04:31.597045
nsga2_p50,crs_8_a100,20,20,0 days 00:04:25.820207
nsga2_p50,crs_8_a100,21,20,0 days 00:04:25.907703
nsga2_p50,crs_8_a100,22,20,0 days 00:04:30.290715
nsga2_p50,crs_8_a100,23,20,0 days 00:04:25.902149
nsga2_p50,crs_8_a100,25,20,0 days 00:04:32.954718
nsga2_p50,crs_8_a100,27,20,0 days 00:04:24.892304
nsga2_p50,crs_8_a100,28,20,0 days 00:04:30.991662
nsga2_p50,crs_8_a100,29,20,0 days 00:04:30.722064
nsga2_p50,crs_8_a100,30,20,0 days 00:04:34.083571
nsga2_p20,crs_8_a100,21,50,0 days 00:04:55.370933
nsga2_p20,crs_8_a100,22,50,0 days 00:04:53.164085
nsga2_p20,crs_8_a100,24,50,0 days 00:04:53.114720
nsga2_p20,crs_8_a100,25,50,0 days 00:04:54.227657
nsga2_p20,crs_8_a100,26,50,0 days 00:04:52.756306
nsga2_p20,crs_8_a100,27,50,0 days 00:04:53.639320
nsga2_p20,crs_8_a100,28,50,0 days 00:04:52.811898
nsga2_p20,crs_8_a100,30,50,0 days 00:04:58.357981
nsga2_p50,crs_8_a100,24,20,0 days 00:02:51.319418
nsga2_p50,crs_8_a100,26,20,0 days 00:02:49.941157
nsga2_p20,crs_8_a100,1,50,0 days 00:03:19.496537
nsga2_p20,crs_8_a100,5,50,0 days 00:03:12.434146
nsga2_p20,crs_8_a100,9,50,0 days 00:03:15.547713
nsga2_p20,crs_8_a100,12,50,0 days 00:03:14.143610
nsga2_p20,crs_8_a100,13,50,0 days 00:03:18.502314
nsga2_p20,crs_8_a100,14,50,0 days 00:03:16.638905
nsga2_p20,crs_8_a100,15,50,0 days 00:03:16.581387
nsga2_p20,crs_8_a100,17,50,0 days 00:03:17.029623
nsga2_p20,crs_8_a100,18,50,0 days 00:03:15.501183
nsga2_p20,crs_8_a100,19,50,0 days 00:03:16.551059
nsga2_p20,crs_8_a100,20,50,0 days 00:03:17.118660
nsga2_p20,crs_8_a100,23,50,0 days 00:03:20.274850
nsga2_p20,crs_8_a100,29,50,0 days 00:03:18.563539
nsga2_p20,crs_8_a100,3,50,0 days 00:03:17.221032
nsga2_p20,crs_8_a100,10,50,0 days 00:03:17.466412
nsga2_p20,crs_8_a100,11,50,0 days 00:03:19.079222
